num_training_step_calls_per_iteration,num_env_steps_sampled_lifetime,done,training_iteration,trial_id,date,timestamp,time_this_iter_s,time_total_s,pid,hostname,node_ip,time_since_restore,iterations_since_restore,timers/training_iteration,timers/restore_env_runners,timers/training_step,timers/env_runner_sampling_timer,timers/learner_update_timer,timers/synch_weights,env_runners/sample,env_runners/rlmodule_inference_timer,env_runners/num_env_steps_sampled,env_runners/num_episodes_lifetime,env_runners/env_to_module_sum_episodes_length_in,env_runners/episode_return_min,env_runners/episode_return_max,env_runners/env_step_timer,env_runners/episode_len_min,env_runners/weights_seq_no,env_runners/env_reset_timer,env_runners/num_episodes,env_runners/episode_duration_sec_mean,env_runners/num_env_steps_sampled_lifetime,env_runners/env_to_module_sum_episodes_length_out,env_runners/episode_len_mean,env_runners/episode_len_max,env_runners/episode_return_mean,env_runners/num_env_steps_sampled_lifetime_throughput,fault_tolerance/num_healthy_workers,fault_tolerance/num_remote_worker_restarts,env_runner_group/actor_manager_num_outstanding_async_reqs,perf/cpu_util_percent,perf/ram_util_percent,env_runners/module_to_env_connector/connector_pipeline_timer,env_runners/env_to_module_connector/connector_pipeline_timer,env_runners/agent_episode_return_mean/default_agent,env_runners/num_module_steps_sampled_lifetime/default_policy,env_runners/num_module_steps_sampled/default_policy,env_runners/num_agent_steps_sampled/default_agent,env_runners/module_episode_return_mean/default_policy,env_runners/num_agent_steps_sampled_lifetime/default_agent,learners/__all_modules__/num_module_steps_trained,learners/__all_modules__/num_env_steps_trained_lifetime,learners/__all_modules__/num_env_steps_trained,learners/__all_modules__/num_non_trainable_parameters,learners/__all_modules__/num_module_steps_trained_lifetime,learners/__all_modules__/learner_connector_sum_episodes_length_out,learners/__all_modules__/num_trainable_parameters,learners/__all_modules__/learner_connector_sum_episodes_length_in,learners/__all_modules__/num_env_steps_trained_lifetime_throughput,learners/__all_modules__/num_module_steps_trained_throughput,learners/__all_modules__/num_module_steps_trained_lifetime_throughput,learners/default_policy/module_train_batch_size_mean,learners/default_policy/entropy,learners/default_policy/vf_loss,learners/default_policy/total_loss,learners/default_policy/vf_explained_var,learners/default_policy/gradients_default_optimizer_global_norm,learners/default_policy/default_optimizer_learning_rate,learners/default_policy/num_module_steps_trained,learners/default_policy/policy_loss,learners/default_policy/diff_num_grad_updates_vs_sampler_policy,learners/default_policy/mean_kl_loss,learners/default_policy/weights_seq_no,learners/default_policy/vf_loss_unclipped,learners/default_policy/num_module_steps_trained_lifetime,learners/default_policy/curr_entropy_coeff,learners/default_policy/curr_kl_coeff,learners/default_policy/num_trainable_parameters,learners/default_policy/num_module_steps_trained_lifetime_throughput,learners/__all_modules__/learner_connector/connector_pipeline_timer,env_runners/module_to_env_connector/timers/connectors/normalize_and_clip_actions,env_runners/module_to_env_connector/timers/connectors/remove_single_ts_time_rank_from_batch,env_runners/module_to_env_connector/timers/connectors/listify_data_for_vector_env,env_runners/module_to_env_connector/timers/connectors/un_batch_to_individual_items,env_runners/module_to_env_connector/timers/connectors/tensor_to_numpy,env_runners/module_to_env_connector/timers/connectors/get_actions,env_runners/env_to_module_connector/timers/connectors/numpy_to_tensor,env_runners/env_to_module_connector/timers/connectors/add_states_from_episodes_to_batch,env_runners/env_to_module_connector/timers/connectors/add_observations_from_episodes_to_batch,env_runners/env_to_module_connector/timers/connectors/add_time_dim_to_batch_and_zero_pad,env_runners/env_to_module_connector/timers/connectors/batch_individual_items,learners/__all_modules__/learner_connector/timers/connectors/batch_individual_items,learners/__all_modules__/learner_connector/timers/connectors/general_advantage_estimation,learners/__all_modules__/learner_connector/timers/connectors/numpy_to_tensor,learners/__all_modules__/learner_connector/timers/connectors/add_states_from_episodes_to_batch,learners/__all_modules__/learner_connector/timers/connectors/add_observations_from_episodes_to_batch,learners/__all_modules__/learner_connector/timers/connectors/add_one_ts_to_episodes_and_truncate,learners/__all_modules__/learner_connector/timers/connectors/add_time_dim_to_batch_and_zero_pad,learners/__all_modules__/learner_connector/timers/connectors/add_columns_from_episodes_to_train_batch
1,4000.0,False,1,568d1_00000,2025-07-28_16-51-53,1753714313,7.723891973495483,7.723891973495483,34528,SDS-1KTH,127.0.0.1,7.723891973495483,1,7.7331570999995165,1.8900002032751217e-05,7.732806200001505,1.7785377000000153,5.948848799998814,0.003206299999874318,1.7278974499986361,0.00011676538952496869,4000.0,181.0,11.44219282382602,9.0,57.0,4.58397821771262e-05,9,0.0,0.0002751500014710473,181.0,0.01611695800012967,4000.0,11.44219282382602,20.72,57,20.72,1145.2815373636424,2,0,0,8.454545454545455,90.30909090909091,0.00036071471898772216,0.0001195829652507316,20.72,4000.0,4000.0,4000.0,20.72,4000.0,125568,4103523,4103523,0,125568,4183,134915,4000,753121.944670725,23051.621167343375,23049.594855141433,128.0,0.66911674,6.352369,6.453862,0.27360225,2.7232432,5e-05,125568,0.09678566,1.0,0.023539303,1.0,65.69711,125568,0.0,0.30000001192092896,134915,23056.028852708423,0.1845047999995586,2.507423528380511e-05,1.6923540621210892e-06,3.0344817404110923e-05,1.851774731516867e-05,4.9134969497179566e-05,0.00016108996684225334,3.103995152046813e-05,4.373373285496871e-06,6.741446822431272e-06,6.518645122676999e-06,1.6518444443066876e-05,0.06529570000202511,0.02172930000233464,0.0002959000012197066,7.300001016119495e-06,0.0017044999985955656,0.016388500000175554,2.7899997803615406e-05,0.07849699999860604
1,8000.0,False,2,568d1_00000,2025-07-28_16-52-02,1753714322,9.053434371948242,16.777326345443726,34528,SDS-1KTH,127.0.0.1,16.777326345443726,2,7.738755654999514,1.8891002036980355e-05,7.738404068001473,1.7793652690000088,5.953623844998802,0.003205745999875944,1.7287448259986378,0.00012512441112103926,4000.0,291.0,26.914389218676924,10.0,93.0,5.274090052482084e-05,10,1.0,0.0002751500014710473,110.0,0.03274578599994129,8000.0,26.914389218676924,36.94,93,36.94,1140.9402686552341,2,0,0,10.176923076923078,91.38461538461539,0.0003963708674218573,0.00013112649395230442,36.94,8000.0,4000.0,4000.0,36.94,8000.0,123392,8067491,3963968,0,248960,4182.29,134915,4000.0,750419.3698549031,22987.14992935945,22985.19677609587,128.0,0.6273965,8.409852,8.307242,0.10618079,1.0993721,5e-05,123392,-0.10811498,1.0,0.01835546,2.0,332.79077,248960,0.0,0.30000001192092896,134915,22991.374107480122,0.18649593299956907,2.767513390049514e-05,1.922750446103052e-06,3.3852011525069324e-05,1.9597257084606823e-05,5.417123992523255e-05,0.00017843125736746116,3.420834784410723e-05,4.771103080497393e-06,7.661719018362428e-06,7.1239701271310085e-06,1.8110701522455846e-05,0.0673082780020195,0.021734097002336056,0.0002952400011781719,7.300001016119495e-06,0.0016983239986075205,0.016328049000185276,2.790899783576606e-05,0.07854088799864258
1,12000.0,False,3,568d1_00000,2025-07-28_16-52-09,1753714329,7.293257236480713,24.07058358192444,34528,SDS-1KTH,127.0.0.1,24.07058358192444,3,7.734232947449516,1.8898092017479944e-05,7.733879850321458,1.7782057263100224,5.950264518548787,0.0032043115398613735,1.7278170737386507,0.00012946904360344218,4000.0,352.0,32.25735307341197,11.0,175.0,5.1011079791188295e-05,11,2.0,0.0002751500014710473,61.0,0.05198959999979706,12000.0,32.25735307341197,66.42,175,66.42,1132.7502991104966,2,0,0,9.00909090909091,91.34545454545454,0.00040563281915148607,0.00013700878758820859,66.42,12000.0,4000.0,4000.0,66.42,12000.0,121984,11939530,3872039,0,370944,4181.0971,134915,4000.0,746866.7862513674,22907.914672755356,22906.048369166234,128.0,0.6123853,9.07544,9.14991,0.08753753,0.80937594,5e-05,121984,0.07165647,1.0,0.009378909,3.0,651.2535,370944,0.0,0.30000001192092896,134915,22911.928228346904,0.18623639466955902,2.8016441956076005e-05,1.951668519563559e-06,3.467094302918511e-05,2.0734497174638727e-05,5.582811811548473e-05,0.0001786221011723417,3.405880199846816e-05,5.202568728859224e-06,7.730350534543592e-06,7.237382155062453e-06,1.9411949788293832e-05,0.06726348622199292,0.02167178003232693,0.0002942146011784644,7.295001014426816e-06,0.0016873207586450007,0.01623465051017229,2.786490786420472e-05,0.07849723511868105
1,16000.0,False,4,568d1_00000,2025-07-28_16-52-19,1753714339,9.706589460372925,33.77717304229736,34528,SDS-1KTH,127.0.0.1,33.77717304229736,4,7.73859045297502,1.889111110071099e-05,7.738236481818243,1.7776705960469368,5.955155242363289,0.0032114834244961967,1.7275081090012767,0.00011922052387800074,4000.0,389.0,65.0258783306572,17.0,234.0,4.767063527119129e-05,17,3.0,0.0002751500014710473,37.0,0.07980948600001284,16000.0,65.0258783306572,96.82,234,96.82,1121.5264333458495,2,0,0,10.938461538461537,92.08461538461539,0.00036802997987855197,0.0001205918753722026,96.82,16000.0,4000.0,4000.0,96.82,16000.0,121216,15764463,3824933,0,492160,4179.676129,134915,4000.0,737246.1705730655,22641.156084325765,22639.354933919643,128.0,0.5888769,9.240956,9.269696,0.02982086,1.0125339,5e-05,121216,0.026895367,1.0,0.0061499584,4.0,1501.3317,492160,0.0,0.30000001192092896,134915,22645.108781548366,0.1860845437228616,2.627065453939617e-05,1.689756082723672e-06,3.08359795110996e-05,1.870651812707486e-05,5.132495380378148e-05,0.00016413272121058409,3.15720296877229e-05,4.409032119926744e-06,6.932004066609823e-06,6.492519250847658e-06,1.697126073893558e-05,0.06727730635976847,0.02162553323198674,0.00029318345516606134,7.303051002600114e-06,0.001674293551058163,0.016125317005067575,2.7896258781369396e-05,0.07850441876751922
1,20000.0,False,5,568d1_00000,2025-07-28_16-52-27,1753714347,7.7476465702056885,41.52481961250305,34528,SDS-1KTH,127.0.0.1,41.52481961250305,5,7.738657951445269,1.889120001003139e-05,7.738302940000037,1.7784557300864694,5.954434399939658,0.003217791590256658,1.7284226559112459,0.00017980985121055691,4000.0,413.0,98.55221766142057,17.0,315.0,6.83733027517457e-05,17,4.0,0.0002751500014710473,24.0,0.11708747200020297,20000.0,98.55221766142057,137.28,315,137.28,1107.4263173150023,2,0,0,8.636363636363638,92.34545454545453,0.0005053287929882105,0.00015862407502890643,137.28,20000.0,4000.0,4000.0,137.28,20000.0,120832,19565007,3800544,0,612992,4178.13936771,134915,4000.0,733758.4192894861,22570.393212454284,22568.53935724912,128.0,0.5655248,9.3217125,9.26055,0.06799984,1.7144637,5e-05,120832,-0.063083045,1.0,0.006397336,5.0,2362.371,612992,0.0,0.30000001192092896,134915,22574.233797789955,0.18783144928561435,3.567698132502719e-05,2.3833318230910396e-06,3.930454614612783e-05,2.4121312395976615e-05,6.89994654076602e-05,0.0002404205863690994,4.6506649948077344e-05,5.52173871080633e-06,1.0276714819376703e-05,1.0046953266494114e-05,2.1407797435231983e-05,0.06902999529616276,0.021680203899642463,0.0002922106206154801,7.311020490891679e-06,0.0016613546155548027,0.016019876835015934,2.7859296180893906e-05,0.078565566579834
1,24000.0,False,6,568d1_00000,2025-07-28_16-52-36,1753714356,9.42305874824524,50.94787836074829,34528,SDS-1KTH,127.0.0.1,50.94787836074829,6,7.735085631930815,1.8922288011649367e-05,7.734729738600012,1.777634464785605,5.951688348940254,0.003215612674352589,1.7277540968521246,0.00015052863632709316,4000.0,431.0,120.07640051157155,29.0,333.0,5.7194361762271074e-05,29,5.0,0.0002751500014710473,18.0,0.1441993180001009,24000.0,120.07640051157155,171.64,333,171.64,1091.216870912306,2,0,0,9.814285714285715,92.14999999999999,0.00044489343842117347,0.00014908130065890036,171.64,24000.0,4000.0,4000.0,171.64,24000.0,120704,23355867,3790860,0,733696,4176.5579740329,134915,4000.0,728847.6584809266,22453.707705723704,22451.911052394982,128.0,0.576694,9.861043,9.893604,0.1225912,1.1876534,5e-05,120704,0.03127253,1.0,0.0042966884,6.0,2726.6062,733696,0.0,0.15000000596046448,134915,22457.40475352523,0.1875910207927841,3.105677449640114e-05,2.1318588391177377e-06,3.649889879178882e-05,2.150089279323381e-05,6.153285766085092e-05,0.0002052323301119477,4.221207973329364e-05,5.328539874261725e-06,8.73081308144626e-06,8.447247419408355e-06,2.0278426939343933e-05,0.06902593534319658,0.02161905286063243,0.00029158351438590956,7.307910273300477e-06,0.0016469000693952816,0.015900931066647,2.7847703251266353e-05,0.07852696691403582
1,28000.0,False,7,568d1_00000,2025-07-28_16-52-45,1753714365,8.650092840194702,59.59797120094299,34528,SDS-1KTH,127.0.0.1,59.59797120094299,7,7.7441646166114975,1.888306510955366e-05,7.743806022213993,1.7831033591377379,5.955303353450841,0.003211937547581152,1.7332788468835925,0.0003022432718310438,4000.0,446.0,178.33207736912075,36.0,500.0,0.00010470972245917273,36,6.0,0.0002751500014710473,15.0,0.20298440999999,28000.0,178.33207736912075,213.18,500,213.18,1072.9650551624286,2,0,0,11.875,93.45833333333333,0.000732638208453707,0.00024640216624379873,213.18,28000.0,4000.0,4000.0,213.18,28000.0,120576,27139881,3784014,0,854272,4174.962394292571,134915,4000.0,727215.9000390511,22440.285221476028,22438.54581786974,128.0,0.5712561,9.867921,9.892088,0.06667799,0.97316843,5e-05,120576,0.023299437,1.0,0.005780778,7.0,3641.0972,854272,0.0,0.15000000596046448,134915,22443.85163411343,0.1881671455848438,5.168274999479173e-05,3.3301830605618554e-06,5.722422052791294e-05,3.203935176688686e-05,0.00010070869962926422,0.000352239521904612,7.741580942917064e-05,7.704621576828864e-06,1.548902532886088e-05,1.5279192595516833e-05,3.450311899020703e-05,0.06957313298975297,0.021625019332015345,0.0002924776792585791,7.31883115534873e-06,0.0016325220686888872,0.015783189755966834,2.7872226197638745e-05,0.07868250624488063
1,32000.0,False,8,568d1_00000,2025-07-28_16-52-55,1753714375,9.625219583511353,69.22319078445435,34528,SDS-1KTH,127.0.0.1,69.22319078445435,8,7.743830018445381,1.8843234465244202e-05,7.743470159991846,1.7824027365463588,5.955677832916335,0.0032108631721014243,1.732856792914772,0.00012503121459147442,4000.0,456.0,276.969941334067,36.0,500.0,5.062711021018284e-05,36,7.0,0.0002751500014710473,10.0,0.24573635999986437,32000.0,276.969941334067,263.68,500,263.68,1053.2908094265974,2,0,0,9.014285714285714,93.50000000000001,0.0003901127944691488,0.00013137455620564683,263.68,32000.0,4000.0,4000.0,263.68,32000.0,120448,30915173,3775292,0,974720,4173.332770349645,134915,4000.0,723817.1061274873,22370.17377055163,22368.410968588647,128.0,0.58959913,9.903791,9.915142,0.06864923,0.8577512,5e-05,120448,0.010620623,1.0,0.004860578,8.0,4600.4966,974720,0.0,0.07500000298023224,134915,22373.59139215138,0.18944922312900928,2.6893445293930606e-05,1.8029201606347711e-06,3.1991005585392005e-05,2.004855437614151e-05,5.291912451921717e-05,0.000176360282313452,3.400000921611473e-05,4.870037457751477e-06,7.514143032067365e-06,6.952291644143892e-06,1.8194118311830292e-05,0.07099864765987969,0.021561617138693093,0.00029133590247297405,7.343642862419832e-06,0.0016174958479979228,0.0156576128584127,2.801650391879191e-05,0.07874613418241638
1,36000.0,False,9,568d1_00000,2025-07-28_16-53-04,1753714384,9.641474485397339,78.86466526985168,34528,SDS-1KTH,127.0.0.1,78.86466526985168,9,7.762695331260946,1.8783802120607127e-05,7.762335037391897,1.7826539791809037,5.97429383758718,0.0032148225403889367,1.7332373674856316,0.00013231115894168582,4000.0,471.0,126.70221448418157,36.0,500.0,5.205157369682373e-05,36,8.0,0.0002751500014710473,15.0,0.2598596239998733,36000.0,126.70221448418157,281.76,500,281.76,1032.2896381811001,2,0,0,14.215384615384615,93.74615384615383,0.00040399141521047085,0.00013364689615607238,281.76,36000.0,4000.0,4000.0,281.76,36000.0,120576,34699187,3784014,0,1095296,4171.7694426461485,134915,4000.0,708849.8231994187,21927.841932965144,21926.22202525832,128.0,0.5749218,9.5927515,9.582665,0.099430025,1.556819,5e-05,120576,-0.010666995,1.0,0.0077591683,9.0,3048.2554,1095296,0.0,0.07500000298023224,134915,21931.062102589978,0.18918675289773168,2.8355452890952512e-05,1.8724168667324303e-06,3.328719387292279e-05,1.978082045870675e-05,5.518469942814426e-05,0.00018547090997579773,3.594901006311182e-05,4.679875880612169e-06,8.013506682197275e-06,7.4318526071370835e-06,1.8345065496558563e-05,0.07094202818329443,0.02151316796730577,0.00029067854345528137,7.3372064346496566e-06,0.0016032008894995545,0.015539588729834011,2.798733889909285e-05,0.0787243588406056
1,40000.0,False,10,568d1_00000,2025-07-28_16-53-17,1753714397,12.880859375,91.74552464485168,34528,SDS-1KTH,127.0.0.1,91.74552464485168,10,7.7783147589483255,1.8730964108723593e-05,7.777954077017955,1.7875140703890915,5.985062320211318,0.003211994314979234,1.7382885178107905,0.00019163090189546178,4000.0,479.0,221.99663099036707,36.0,500.0,7.081839754712009e-05,36,9.0,0.0002751500014710473,8.0,0.3157070439997187,40000.0,221.99663099036707,324.9,500,324.9,1010.2118374421644,2,0,0,8.273684210526318,94.82631578947368,0.000530502024445229,0.00017768693265750063,324.9,40000.0,4000.0,4000.0,324.9,40000.0,120320,38468587,3769400,0,1215616,4170.151748219688,134915,4000.0,701645.6470425386,21732.63031844317,21731.169391584855,128.0,0.5807399,10.0,9.899598,-0.019294143,0.15261276,5e-05,120320,-0.10099574,1.0,0.007922916,10.0,4761.0703,1215616,0.0,0.07500000298023224,134915,21735.54078835602,0.1891068593687291,3.682203664334484e-05,2.3412380478374244e-06,4.3070777305481096e-05,2.662704993374755e-05,7.269990466576743e-05,0.0002494426914246459,5.263949189727587e-05,5.727210337817796e-06,1.1441427273230825e-05,1.0703810013499159e-05,2.4553103330469005e-05,0.07093555290143692,0.021495144287625733,0.0002895737580268655,7.336834344084567e-06,0.0015883848806233166,0.015415988842538612,2.796646548136736e-05,0.0788113352522047
1,44000.0,False,11,568d1_00000,2025-07-28_16-53-27,1753714407,10.022948503494263,101.76847314834595,34528,SDS-1KTH,127.0.0.1,101.76847314834595,11,7.800664817358834,1.8667654465959047e-05,7.800303936247781,1.791086884685204,6.003850514009197,0.0032085353718260875,1.7420293461326837,0.00014963368868617486,4000.0,492.0,107.06736436790385,123.0,500.0,5.84020674612292e-05,123,10.0,0.0002751500014710473,13.0,0.34461951199991747,44000.0,107.06736436790385,346.22,500,346.22,987.1206255459362,2,0,0,10.035714285714286,95.13571428571427,0.00044332646373516514,0.00014421401187255178,346.22,44000.0,4000.0,4000.0,346.22,44000.0,120576,42250717,3782130,0,1336192,4168.60023073749,134915,4000.0,696441.9669020774,21598.54938345641,21597.204719485682,128.0,0.5694772,9.539684,9.546749,0.06910318,1.5440522,5e-05,120576,0.0065277442,1.0,0.0071463436,11.0,3662.9587,1336192,0.0,0.07500000298023224,134915,21601.2156051414,0.1888989927750638,2.9881632124436536e-05,1.957009362428542e-06,3.528194418013022e-05,2.035271091885223e-05,6.0011492808759395e-05,0.00020998413572030346,4.1161078616071126e-05,4.839398647282418e-06,1.0105412150227578e-05,8.241779345700752e-06,1.9790870111998618e-05,0.07091180637245177,0.021441793844749268,0.00028851402042058826,7.348465993039472e-06,0.0015742220318249029,0.015297799954110743,2.7980800846047663e-05,0.07881654589965194
1,48000.0,False,12,568d1_00000,2025-07-28_16-53-40,1753714420,12.668487071990967,114.43696022033691,34528,SDS-1KTH,127.0.0.1,114.43696022033691,12,7.8143555131852676,1.8718977950939264e-05,7.813991220885277,1.8010220058383752,6.007609825869118,0.0032086710181091264,1.7521682996713288,0.00014125806853097994,4000.0,501.0,228.07642680789684,123.0,500.0,5.9195351739753675e-05,123,11.0,0.0002751500014710473,9.0,0.3757564519999869,48000.0,228.07642680789684,352.72,500,352.72,963.4217916372684,2,0,0,13.005555555555555,94.13333333333333,0.0004363828916371102,0.00014200051793357123,352.72,48000.0,4000.0,4000.0,352.72,48000.0,120448,46025068,3774351,0,1456640,4167.024228430115,134915,4000.0,696156.9872219758,21620.933560813748,21619.63453649583,128.0,0.5763012,9.85122,9.795023,0.026393294,1.1721879,5e-05,120448,-0.056637734,1.0,0.005856983,12.0,4045.2766,1456640,0.0,0.07500000298023224,134915,21623.486662180447,0.19018365584728936,3.0233632038871584e-05,1.952940670442983e-06,3.684517759336633e-05,2.1091822134322553e-05,6.069653905803953e-05,0.00019888931511543478,3.89561297990129e-05,5.003937622777838e-06,8.247188911700823e-06,7.781005197862864e-06,1.976552103109954e-05,0.0724003703087327,0.021380914906322605,0.0002874648802267536,7.3419813339631e-06,0.0015597848114755058,0.015177502954581142,2.79419928173109e-05,0.0788123954406456
1,52000.0,False,13,568d1_00000,2025-07-28_16-53-49,1753714429,8.504703998565674,122.94166421890259,34528,SDS-1KTH,127.0.0.1,122.94166421890259,13,7.821174648053408,1.868278815706515e-05,7.820809686676398,1.803297182779962,6.01215679461042,0.003211732307916147,1.754610215674618,0.00013672566190570858,4000.0,509.0,197.00263726794714,123.0,500.0,5.2968986690896575e-05,123,12.0,0.0002751500014710473,8.0,0.39982302199976405,52000.0,197.00263726794714,368.52,500,368.52,939.2224496877162,2,0,0,13.066666666666668,93.77499999999999,0.00040538231292659764,0.00013754199908909203,368.52,52000.0,4000.0,4000.0,368.52,52000.0,120320,49794468,3769400,0,1576960,4165.453986145814,134915,4000.0,690239.2267922286,21462.570328493795,21461.146354034394,128.0,0.55869305,9.932792,9.883324,0.0998742,0.6601172,5e-05,120320,-0.049949102,1.0,0.0064243567,13.0,4124.743,1576960,0.0,0.07500000298023224,134915,21466.644558224172,0.18996912028880003,2.8174628909339176e-05,1.8444209689814943e-06,3.3331031619958425e-05,2.0692054864424166e-05,5.50389691265024e-05,0.00018429576123655964,3.738122261137833e-05,5.002767390944898e-06,7.871104423519266e-06,7.434623611892357e-06,1.888918588386036e-05,0.07234793260566445,0.021344172757263552,0.00028658523144502873,7.339561551935466e-06,0.0015453429633591963,0.0150561639250508,2.793757287309576e-05,0.07882655948625264
1,56000.0,False,14,568d1_00000,2025-07-28_16-54-00,1753714440,11.559383153915405,134.501047372818,34528,SDS-1KTH,127.0.0.1,134.501047372818,14,7.834270232572863,1.8831960287379108e-05,7.833901943809647,1.8055627199521844,6.022969719664302,0.0032326189848382236,1.7571069040178824,0.00014012518091530122,4000.0,518.0,241.28035371542822,173.0,500.0,5.3780938333121086e-05,173,13.0,0.0002751500014710473,9.0,0.45135010599980885,56000.0,241.28035371542822,417.82,500,417.82,915.0368265083458,2,0,0,13.95625,93.325,0.0004165799435747118,0.000137297986022583,417.82,56000.0,4000.0,4000.0,417.82,56000.0,120448,53568819,3774351,0,1697408,4163.909446284356,134915,4000.0,686203.119056716,21362.252553672028,21360.956412546835,128.0,0.5860029,9.8705435,9.939247,0.0030587316,0.38580397,5e-05,120448,0.068194374,1.0,0.00679012,14.0,4170.0737,1697408,0.0,0.07500000298023224,134915,21366.198927066085,0.1898044120858996,3.0234375088003804e-05,1.881967038377815e-06,3.4677306854297275e-05,2.0211014489833057e-05,5.70731197355704e-05,0.0001876394049563983,3.7021419274944336e-05,5.1240145578494205e-06,8.112110055815104e-06,7.502859201530071e-06,1.87665275235242e-05,0.07235545927959507,0.02129271802971952,0.0002855703791460277,7.447165932207464e-06,0.0015312405337173048,0.014940281285782425,2.8100197126650583e-05,0.07883937989138232
1,60000.0,False,15,568d1_00000,2025-07-28_16-54-09,1753714449,8.945770502090454,143.44681787490845,34528,SDS-1KTH,127.0.0.1,143.44681787490845,15,7.84527533624714,1.8790640676062412e-05,7.844905680371556,1.8109767377526673,6.028553105467653,0.0032471387949945755,1.762734763477709,0.00017134719956606872,4000.0,529.0,188.37915879676612,171.0,500.0,6.408588933690983e-05,171,14.0,0.0002751500014710473,11.0,0.4536647919999086,60000.0,188.37915879676612,410.78,500,410.78,890.6579888841533,2,0,0,10.815384615384614,93.32307692307693,0.0004943549761996758,0.0001631924285257186,410.78,60000.0,4000.0,4000.0,410.78,60000.0,120448,57345052,3776233,0,1817856,4162.400351821512,134915,4000.0,676310.1070090405,21073.03181362682,21071.754965358115,128.0,0.5664994,9.558548,9.761227,0.0575819,0.9929527,5e-05,120448,0.20127156,1.0,0.018765494,15.0,3588.304,1817856,0.0,0.07500000298023224,134915,21076.798736042812,0.18971416196505544,3.529103418793091e-05,2.2825129641793725e-06,4.104161229471093e-05,2.4133360433528666e-05,6.692514194997214e-05,0.0002267132260510252,4.3452877564002e-05,6.032046466800689e-06,9.642004330342827e-06,9.227201342766781e-06,2.2164284334318256e-05,0.07245967368678774,0.021240706849444877,0.000284541675332788,7.4386942661249185e-06,0.0015177651283617376,0.014825131472937141,2.805319515456591e-05,0.0788294700924707
1,64000.0,False,16,568d1_00000,2025-07-28_16-54-22,1753714462,13.128732442855835,156.57555031776428,34528,SDS-1KTH,127.0.0.1,156.57555031776428,16,7.8585850688846755,1.8747734282009682e-05,7.858215305567841,1.8172709993751381,6.035578198412996,0.003245973407063588,1.7692440543429355,0.00014654048938961148,4000.0,541.0,129.50726467464176,124.0,500.0,5.926058773560312e-05,124,15.0,0.0002751500014710473,12.0,0.44750407199993786,64000.0,129.50726467464176,402.66,500,402.66,866.4890263713628,2,0,0,10.744444444444445,94.72222222222223,0.00043515429633968406,0.0001399097184634339,402.66,64000.0,4000.0,4000.0,402.66,64000.0,120448,61122226,3777174,0,1938304,4160.916348303297,134915,4000.0,676660.6748367667,21108.91271417214,21107.684281034642,128.0,0.54355377,9.632435,9.738318,-0.0034128428,0.8217012,5e-05,120448,0.10529621,1.0,0.007827221,16.0,3746.1938,1938304,0.0,0.07500000298023224,134915,21112.495066916297,0.1896216083454185,3.010052129691493e-05,1.9292512354954293e-06,3.547729057473868e-05,2.1826447436738174e-05,5.970879321491418e-05,0.00020012832129428026,3.876855226130108e-05,4.941358345021641e-06,8.15169258950886e-06,7.805215067346721e-06,1.9209799004473273e-05,0.07243149294991144,0.021209109780970275,0.00028369125856362296,7.488307321786358e-06,0.00150437247706395,0.014715402158203052,2.8316663198008803e-05,0.07892172639155529
1,68000.0,False,17,568d1_00000,2025-07-28_16-54-30,1753714470,7.7584898471832275,164.3340401649475,34528,SDS-1KTH,127.0.0.1,164.3340401649475,17,7.857514332195809,1.8698256934975818e-05,7.857144583512183,1.8167866203814134,6.035006036428882,0.0032410956729953914,1.7690305422994923,0.00014446245286175026,4000.0,550.0,226.9083563243501,124.0,500.0,5.4910368277610686e-05,124,16.0,0.0002751500014710473,9.0,0.41643509999987144,68000.0,226.9083563243501,403.62,500,403.62,842.3232084647693,2,0,0,9.0,94.42727272727274,0.0004272808965171331,0.00014293815278449806,403.62,68000.0,4000.0,4000.0,403.62,68000.0,120448,64896577,3774351,0,2058752,4159.417184820264,134915,4000.0,676043.3474920794,21113.510122525604,21112.333181969952,128.0,0.5388996,9.590116,9.661989,-0.01622653,0.87773097,5e-05,120448,0.071404554,1.0,0.0062558767,17.0,4387.976,2058752,0.0,0.07500000298023224,134915,21116.97278714047,0.18940157426193807,2.9670910363014985e-05,1.9439184513123623e-06,3.5641938513039195e-05,2.189973978239405e-05,5.9555153104977476e-05,0.0001909581004858933,3.763096560266656e-05,5.248843691354734e-06,8.308572837688684e-06,7.681441536311822e-06,1.9315343586108147e-05,0.07238917202038188,0.021159754683180803,0.0002827003459553635,7.479424278187812e-06,0.001490601752309537,0.014600912136648601,2.829449655252314e-05,0.07892558212762592
1,72000.0,False,18,568d1_00000,2025-07-28_16-54-42,1753714482,11.560477495193481,175.894517660141,34528,SDS-1KTH,127.0.0.1,175.894517660141,18,7.8548545058738855,1.8668274360568513e-05,7.85448353567704,1.8170580191776147,6.032076714064594,0.0032423557162482974,1.7694089913764977,0.00013393653764484702,4000.0,559.0,211.17053367895332,124.0,500.0,5.302690246844957e-05,124,17.0,0.0002751500014710473,9.0,0.40481453600004896,72000.0,211.17053367895332,402.36,500,402.36,818.7397156125807,2,0,0,9.141176470588235,93.52352941176471,0.0004096578488776844,0.0001349113075104994,402.36,72000.0,4000.0,4000.0,402.36,72000.0,120448,68670928,3774351,0,2179200,4157.933012972061,134915,4000.0,675856.2192825138,21130.489489645755,21129.394976454674,128.0,0.53847057,9.832157,9.800402,0.024211526,1.1518582,5e-05,120448,-0.03223271,1.0,0.0063569243,18.0,4078.0994,2179200,0.0,0.07500000298023224,134915,21133.752846399253,0.18912198351932571,2.8252080588180707e-05,1.8860622286544831e-06,3.3610003994871964e-05,2.0928656590876924e-05,5.615619049108892e-05,0.00018565644471833705,3.585959265414982e-05,4.851087749505026e-06,7.850650571768906e-06,7.3223621401243485e-06,1.8907797719412886e-05,0.0723173113001686,0.021103349136369173,0.00028170034251041024,7.477630009187341e-06,0.0014770047347857514,0.014487859015277582,2.829555160310653e-05,0.07890479330632952
1,76000.0,False,19,568d1_00000,2025-07-28_16-54-49,1753714489,7.437481880187988,183.33199954032898,34528,SDS-1KTH,127.0.0.1,183.33199954032898,19,7.850588954815133,1.8676591610217726e-05,7.850217283320247,1.8161474149858252,6.028729331923968,0.0032401911590631918,1.7687377899627286,0.00012482513805902026,4000.0,567.0,214.20024016790398,124.0,500.0,4.9682855941296136e-05,124,18.0,0.0002751500014710473,8.0,0.4037120480000158,76000.0,214.20024016790398,411.84,500,411.84,795.3769603298497,2,0,0,8.810000000000002,92.97999999999999,0.0003910009559802785,0.00012966105163901483,411.84,76000.0,4000.0,4000.0,411.84,76000.0,120320,72440328,3769400,0,2299520,4156.453682842341,134915,4000.0,676524.9140480882,21174.289207092545,21173.2521277068,128.0,0.5342012,9.785051,9.944588,0.038387477,1.1285443,5e-05,120320,0.15896657,1.0,0.007588822,19.0,3734.3997,2299520,0.0,0.07500000298023224,134915,21177.36671129583,0.18881339168412895,2.702058997083739e-05,1.8860482900253236e-06,3.2990340549052615e-05,1.9417892212539432e-05,5.381531940609605e-05,0.00017563626304167097,3.3413564835505706e-05,4.687423360455557e-06,7.583600688421733e-06,7.024648685736753e-06,1.8357298544448756e-05,0.0722115961871457,0.02105929564499999,0.00028071433905760485,7.472853732792971e-06,0.0014634426874321155,0.014374802425107445,2.824159608456462e-05,0.07887611637326289
1,80000.0,False,20,568d1_00000,2025-07-28_16-55-00,1753714500,11.194503784179688,194.52650332450867,34528,SDS-1KTH,127.0.0.1,194.52650332450867,20,7.847188058266967,1.8668825711057706e-05,7.846815376487053,1.8150506628359988,6.0264262726047235,0.0032448202474651263,1.767694582063101,0.00012409036706341491,4000.0,576.0,261.57383287987295,124.0,500.0,4.9320926026629234e-05,124,19.0,0.0002751500014710473,9.0,0.3957121000000916,80000.0,261.57383287987295,422.16,500,422.16,772.7805154948219,2,0,0,8.33125,92.96875,0.000396041571036997,0.0001301329209399557,422.16,80000.0,4000.0,4000.0,422.16,80000.0,120448,76214679,3774351,0,2419968,4154.999146013917,134915,4000.0,677995.3327405745,21242.063461930356,21241.007798382343,128.0,0.51402867,9.836465,9.833084,-0.0063989162,1.5022776,5e-05,120448,-0.0040839165,1.0,0.009372705,20.0,3918.1528,2419968,0.0,0.07500000298023224,134915,21244.989824874854,0.19001198576726788,2.6832137798952807e-05,1.9340435593408644e-06,3.223221701953037e-05,1.931817626532951e-05,5.3446991479851185e-05,0.00018230948848490212,3.390160813055496e-05,4.721449387680869e-06,7.445235436895564e-06,7.078243857932759e-06,1.782771375866495e-05,0.07358996422527658,0.02100297868854383,0.0002797221956630148,7.472125213240729e-06,0.0014504522605613742,0.014266821400828482,2.8320180107687184e-05,0.07887708420951943
1,84000.0,False,21,568d1_00000,2025-07-28_16-55-08,1753714508,7.736968040466309,202.26347136497498,34528,SDS-1KTH,127.0.0.1,202.26347136497498,21,7.846010966684305,1.8613137469191483e-05,7.845636836722184,1.8147384622076148,6.025561874878654,0.0032477800449938468,1.7675469762424707,0.0001440070609766394,4000.0,584.0,263.88583747175267,171.0,500.0,5.638238443529486e-05,171,20.0,0.0002751500014710473,8.0,0.3822148640001251,84000.0,263.88583747175267,443.3,500,443.3,750.501335301244,2,0,0,9.618181818181817,92.93636363636364,0.000433980093532287,0.00014572931876872283,443.3,84000.0,4000.0,4000.0,443.3,84000.0,120320,79984079,3769400,0,2540288,4153.549154553778,134915,4000.0,674349.4426734392,21145.735560203597,21144.754842635382,128.0,0.5067657,9.859062,9.826138,-0.039888978,1.1259611,5e-05,120320,-0.033202853,1.0,0.0036957522,21.0,4483.4023,2540288,0.0,0.03750000149011612,134915,21148.699855886454,0.18974793190958703,2.9670121777771527e-05,2.0178939356233666e-06,3.585111839126701e-05,2.149172304796995e-05,5.9577406141169716e-05,0.00019623750509690954,3.8829134700071996e-05,5.188440642091978e-06,8.205060015537875e-06,8.046197108002402e-06,1.9837071708998196e-05,0.07349777458299137,0.020949364901685485,0.00027866897370743845,7.463403954347851e-06,0.0014371467379542112,0.01415618518680117,2.829997830833372e-05,0.07888665936743473
1,88000.0,False,22,568d1_00000,2025-07-28_16-55-20,1753714520,11.560922145843506,213.82439351081848,34528,SDS-1KTH,127.0.0.1,213.82439351081848,22,7.84518929901745,1.8559006117358413e-05,7.844814220354963,1.815179491585544,6.024301595129861,0.003251381244527055,1.7681688399800413,0.00012608268801107635,4000.0,592.0,263.8858374758918,171.0,500.0,5.112997436250363e-05,171,21.0,0.0002751500014710473,8.0,0.4019879459999356,88000.0,263.8858374758918,467.56,500,467.56,728.9834204039498,2,0,0,9.0125,93.23125,0.0003965653865421896,0.0001282880507154447,467.56,88000.0,4000.0,4000.0,467.56,88000.0,120320,83753479,3769400,0,2660608,4152.11366300824,134915,4000.0,675648.7828226946,21206.197191009946,21205.25806313955,128.0,0.5075141,10.0,9.862141,0.06253928,0.0634248,5e-05,120320,-0.13810274,1.0,0.0064771683,22.0,4751.608,2660608,0.0,0.03750000149011612,134915,21209.01268088542,0.18946005059048662,2.7463510334948018e-05,1.8455230444744025e-06,3.4485795991314345e-05,1.9711641491295374e-05,5.39154879775975e-05,0.00017839836019072745,3.351048597102401e-05,4.6863802450269195e-06,7.522246517549717e-06,7.0273356908359556e-06,1.7523168351782213e-05,0.0734069038371688,0.02089450825264644,0.000277784283937595,7.453769936809197e-06,0.0014239532705951144,0.014046103334930986,2.8282978513437488e-05,0.07887145277373749
1,92000.0,False,23,568d1_00000,2025-07-28_16-55-29,1753714529,8.8571138381958,222.68150734901428,34528,SDS-1KTH,127.0.0.1,222.68150734901428,23,7.855241762027288,1.874941604523108e-05,7.854861983151431,1.8142763876696746,6.035250175178552,0.003260556432072368,1.7675313245802171,0.0001344856097263476,4000.0,600.0,263.8858374758918,171.0,500.0,5.3132308544348795e-05,171,22.0,0.0002751500014710473,8.0,0.4056947439997748,92000.0,263.8858374758918,474.46,500,474.46,707.8312376949555,2,0,0,10.53076923076923,93.8153846153846,0.00041682545045501997,0.00014101708451229366,474.46,92000.0,4000.0,4000.0,474.46,92000.0,120320,87522879,3769400,0,2780928,4150.692526378158,134915,4000.0,670470.4457339974,21059.45383226689,21058.40921196816,128.0,0.5406217,9.966745,9.846883,0.01756829,0.635876,5e-05,120320,-0.1199473,1.0,0.0022455598,23.0,4480.611,2780928,0.0,0.01875000074505806,134915,21062.362338153198,0.19072608808455385,2.8757932354789073e-05,1.990077774666308e-06,3.528980355905277e-05,2.1459960695976573e-05,5.743537034093058e-05,0.00018315884700187917,3.536688973134348e-05,5.358198930383793e-06,8.229221899040267e-06,7.471514647439195e-06,1.9103012112387167e-05,0.07483721379882059,0.02084121017011229,0.0002769064411229806,7.449232224758819e-06,0.0014109027378842287,0.01393739230159815,2.824814872494849e-05,0.0788858152459824
1,96000.0,False,24,568d1_00000,2025-07-28_16-55-42,1753714542,13.478620290756226,236.1601276397705,34528,SDS-1KTH,127.0.0.1,236.1601276397705,24,7.866054449407012,1.8704921882257678e-05,7.8656724833199245,1.8185220757929552,6.041808335426776,0.0032713808677568177,1.7719664973344167,0.00014882589688390704,4000.0,608.0,263.8858374758918,171.0,500.0,5.673443096374432e-05,171,23.0,0.0002751500014710473,8.0,0.43386200999972063,96000.0,263.8858374758918,487.86,500,487.86,687.2828706280956,2,0,0,9.78421052631579,94.16842105263159,0.0004351577602213275,0.0001422859347956989,487.86,96000.0,4000.0,4000.0,487.86,96000.0,120320,91292279,3769400,0,2901248,4149.285601114377,134915,4000.0,666794.9790204964,20959.16891064392,20958.2373801211,128.0,0.48349983,9.92965,10.0066185,-0.0070695877,0.32451078,5e-05,120320,0.07681462,1.0,0.008197831,24.0,4047.2544,2901248,0.0,0.01875000074505806,134915,20961.95675924149,0.19069486420371015,2.971856194733321e-05,1.9031150484157532e-06,3.596412609636948e-05,2.1210606340522884e-05,5.9029922792051445e-05,0.00020253569674497546,4.112496781722391e-05,4.888779727785685e-06,8.587132610466988e-06,8.228613537898532e-06,1.9444738544259215e-05,0.07491921366081455,0.020808192068409215,0.0002760273766967472,7.4457398974434394e-06,0.0013979567105207537,0.013829922378607121,2.8242667236885957e-05,0.07892964009353039
1,100000.0,False,25,568d1_00000,2025-07-28_16-55-50,1753714550,8.086552143096924,244.24667978286743,34528,SDS-1KTH,127.0.0.1,244.24667978286743,25,7.8681671829129565,1.888287267786129e-05,7.86778022848672,1.8207952300350057,6.0416537890725,0.003268438059087872,1.7744319143610616,0.00012721942326217458,4000.0,616.0,263.8858374758918,171.0,500.0,4.976899053037605e-05,171,24.0,0.0002751500014710473,8.0,0.4453123100000084,100000.0,263.8858374758918,487.86,500,487.86,667.0465369032073,2,0,0,8.65,94.30000000000001,0.00039638497380788454,0.0001316516965062787,487.86,100000.0,4000.0,4000.0,487.86,100000.0,120320,95061679,3769400,0,3021568,4147.892745103233,134915,4000.0,667738.5600766197,21005.555065921977,21004.661753240478,128.0,0.506578,9.952105,9.971334,-0.07577515,0.50800115,5e-05,120320,0.018967967,1.0,0.01399008,25.0,4122.4272,3021568,0.0,0.01875000074505806,134915,21008.164431641777,0.19033447856164745,2.7498362725716542e-05,1.8959974841604258e-06,3.2992326854815144e-05,2.006753646341042e-05,5.453691324552527e-05,0.00017703533131659176,3.370581198107072e-05,4.999465181547844e-06,7.74555335789234e-06,6.964523255960684e-06,1.8229926653531626e-05,0.07478709952420208,0.020761614147750282,0.00027539610291565063,7.432282490015856e-06,0.0013851451433962263,0.013723162154831575,2.8193240556084437e-05,0.07887090969261527
1,104000.0,False,26,568d1_00000,2025-07-28_16-56-02,1753714562,11.532018661499023,255.77869844436646,34528,SDS-1KTH,127.0.0.1,255.77869844436646,26,7.865191254083825,1.8941043976493346e-05,7.864802186201842,1.8194701257346422,6.040009527181756,0.003264437678523253,1.7733627662174571,0.00012127068668620655,4000.0,624.0,263.8858374758918,171.0,500.0,4.712942690979533e-05,171,25.0,0.0002751500014710473,8.0,0.44986584400016,104000.0,263.8858374758918,493.42,500,493.42,647.6999578775557,2,0,0,8.5,93.55625,0.0003743543490838697,0.00012508181720677412,493.42,104000.0,4000.0,4000.0,493.42,104000.0,120320,98831079,3769400,0,3141888,4146.513817652201,134915,4000.0,668979.1448007784,21060.651818391445,21059.79159521176,128.0,0.48369932,9.812047,9.808353,-0.009730339,0.79851717,5e-05,120320,-0.0037744232,1.0,0.004301737,26.0,4325.4893,3141888,0.0,0.00937500037252903,134915,21063.270381628463,0.1917359237760329,2.60792641888176e-05,1.8493482283228164e-06,3.165387980042168e-05,1.9348350119516135e-05,5.1930287811106225e-05,0.000164640556646288,3.23190668477666e-05,4.73364760168392e-06,6.967021465604564e-06,6.8224759779699e-06,1.7474775650574327e-05,0.07616499052895609,0.02078499700628676,0.00027522614188087965,7.432959654126091e-06,0.0013724886919666366,0.0136197295332949,2.8193308151403228e-05,0.078989700595683
1,108000.0,False,27,568d1_00000,2025-07-28_16-56-09,1753714569,7.367413520812988,263.14611196517944,34528,SDS-1KTH,127.0.0.1,263.14611196517944,27,7.860137024542994,1.8916633556207025e-05,7.859743732339812,1.8200422214773213,6.034374131909953,0.0032702553017493704,1.7741463485552735,0.0001359369090730414,4000.0,632.0,263.8858374758918,500.0,500.0,5.129416050181289e-05,500,26.0,0.0002751500014710473,8.0,0.4629173920000176,108000.0,263.8858374758918,500.0,500,500.0,628.7851585855223,2,0,0,8.82,93.70000000000002,0.0004005536848457988,0.00013538210744892077,500.0,108000.0,4000.0,4000.0,500.0,108000.0,120320,102600479,3769400,0,3262208,4145.148679475679,134915,4000.0,665465.6493629462,20963.36465264578,20962.548390144344,128.0,0.4870499,9.806225,9.8345,0.01023227,0.23660402,5e-05,120320,0.028235644,1.0,0.004207859,27.0,4019.7432,3262208,0.0,0.004687500186264515,134915,20966.0884708907,0.1914867165382564,2.728790572911131e-05,1.8331929677814039e-06,3.334415768983269e-05,2.0233086334656215e-05,5.498096669333418e-05,0.00017997936675977224,3.5949049770131786e-05,4.844226458013481e-06,7.588732899058743e-06,7.0229557643562675e-06,1.820350750387075e-05,0.07607485962369154,0.02073623903621831,0.00027432188049105637,7.43263003898073e-06,0.0013602038050615245,0.01351888423797547,2.8209375047081574e-05,0.0789958115897237
1,112000.0,False,28,568d1_00000,2025-07-28_16-56-22,1753714582,12.359974145889282,275.5060861110687,34528,SDS-1KTH,127.0.0.1,275.5060861110687,28,7.867320003297587,1.8900467228279936e-05,7.866926667016422,1.820586298262534,6.0410198255908485,0.003266952748716766,1.774870456069736,0.00013234768588258434,4000.0,640.0,263.8858374758918,500.0,500.0,5.199605848702315e-05,500,27.0,0.0002751500014710473,8.0,0.4595005540001875,112000.0,263.8858374758918,500.0,500,500.0,610.8212315150016,2,0,0,9.588888888888889,93.25555555555555,0.0004051934642486134,0.00013776641565781085,500.0,112000.0,4000.0,4000.0,500.0,112000.0,120320,106369879,3769400,0,3382528,4143.797192680923,134915,4000.0,667326.0019770903,21036.63452782339,21035.82677425952,128.0,0.4753072,9.89053,9.91141,0.049274266,0.69640696,5e-05,120320,0.02083329,1.0,0.0101763625,28.0,4055.939,3382528,0.0,0.004687500186264515,134915,21039.213267684103,0.1911580323728733,2.7556261665583378e-05,1.9515148965397405e-06,3.516054298366509e-05,2.025840276571092e-05,5.554198260821969e-05,0.00018066859445548238,3.55356247000832e-05,5.0101695232162225e-06,8.295001179157037e-06,7.549007481001316e-06,1.891645023013941e-05,0.07595536902745063,0.020678951645839317,0.0002734176616829807,7.428303725908637e-06,0.0013478707670330574,0.013415360395583413,2.8166281297485272e-05,0.07896339747383378
1,116000.0,False,29,568d1_00000,2025-07-28_16-56-30,1753714590,8.601964950561523,284.10805106163025,34528,SDS-1KTH,127.0.0.1,284.10805106163025,29,7.874594589264608,1.885146253063257e-05,7.8742001343462755,1.8199260022799242,6.048963425334929,0.00326279122122538,1.7744008855090208,0.00012636047549445493,4000.0,648.0,263.8858374758918,500.0,500.0,4.937882614982776e-05,500,28.0,0.0002751500014710473,8.0,0.4613206860002538,116000.0,263.8858374758918,500.0,500,500.0,593.2361781556274,2,0,0,9.533333333333335,93.11666666666667,0.00039207574855546314,0.00013182018197622,500.0,116000.0,4000.0,4000.0,500.0,116000.0,120320,110139279,3769400,0,3502848,4142.4592207541145,134915,4000.0,668390.8526283606,21083.95516006017,21083.176738446957,128.0,0.43041265,10.0,10.099713,0.003953278,0.1941064,5e-05,120320,0.099695615,1.0,0.0034544785,29.0,3692.7092,3502848,0.0,0.0023437500931322575,134915,21086.41162199895,0.1930291990491493,2.6848309462305375e-05,1.7733569761461492e-06,3.280316423420302e-05,1.9772204144380707e-05,5.404929893263308e-05,0.00017490178530819883,3.4394882214996555e-05,4.842695472794014e-06,7.711120225353508e-06,6.9865783625240705e-06,1.8391823654558336e-05,0.07779607833719823,0.02063641512934719,0.0002725544850883708,7.4220206971180665e-06,0.0013365620593697536,0.013312822791642342,2.8129618458312314e-05,0.07915360249908779
1,120000.0,False,30,568d1_00000,2025-07-28_16-56-41,1753714601,11.130678415298462,295.2387294769287,34528,SDS-1KTH,127.0.0.1,295.2387294769287,30,7.869138893371952,1.8778947915492558e-05,7.868744464002793,1.8186862572571052,6.044753777081552,0.0032627213089975455,1.7732909036539304,0.00011638714187401028,4000.0,656.0,263.8858374758918,500.0,500.0,4.7134087170107226e-05,500,29.0,0.0002751500014710473,8.0,0.44362890400050675,120000.0,263.8858374758918,500.0,500,500.0,576.405239167202,2,0,0,7.91875,92.89375,0.00037175376811894156,0.0001234249008869142,500.0,120000.0,4000.0,4000.0,500.0,120000.0,120320,113908679,3769400,0,3623168,4141.134628546573,134915,4000.0,670798.1093772461,21173.325569863642,21172.598357903633,128.0,0.47363055,9.920636,9.814682,0.007212043,0.7047784,5e-05,120320,-0.10595893,1.0,0.0022813692,30.0,3966.638,3623168,0.0,0.0011718750465661287,134915,21175.62776272227,0.19272125305866156,2.5778071217127237e-05,1.7169256757773036e-06,3.099554171382413e-05,1.887360642118504e-05,5.0898441387388525e-05,0.00016659529076506308,3.172786094454145e-05,4.526250744682874e-06,6.937443286193384e-06,6.4692053134132165e-06,1.7249098466790728e-05,0.0776345325538303,0.020577855978068788,0.0002715839402495407,7.410800496922723e-06,0.0013244134387660486,0.013212302563727265,2.8222322283926243e-05,0.07918166947411501
1,124000.0,False,31,568d1_00000,2025-07-28_16-56-49,1753714609,7.574815988540649,302.81354546546936,34528,SDS-1KTH,127.0.0.1,302.81354546546936,31,7.866135778438254,1.87441584372019e-05,7.865739547362763,1.8176162556845292,6.042828322310762,0.003255266095894494,1.7724188001173913,0.00011067497631761235,4000.0,664.0,263.8858374758918,500.0,500.0,4.470429477938674e-05,500,30.0,0.0002751500014710473,8.0,0.4285639520003315,124000.0,263.8858374758918,500.0,500,500.0,560.0366738393103,2,0,0,8.954545454545455,92.91818181818182,0.00035796028726489313,0.0001175123787101484,500.0,124000.0,4000.0,4000.0,500.0,124000.0,120320,117678079,3769400,0,3743488,4139.823282261108,134915,4000.0,671275.8991064006,21200.100764560542,21199.4898962869,128.0,0.4482457,9.86332,9.860184,-0.0065681934,0.47577578,5e-05,120320,-0.0031410512,1.0,0.0050461385,31.0,3736.8677,3743488,0.0,0.0011718750465661287,134915,21202.116395983365,0.19236769452806018,2.4777208323975756e-05,1.7861367439979722e-06,2.9845616119488876e-05,1.8385891950554778e-05,4.9672456167827614e-05,0.00015864384275407877,3.01000006979745e-05,4.436911847597578e-06,6.7374174653475344e-06,6.148475926924099e-06,1.6308768490992573e-05,0.07748441122829891,0.020523693418290932,0.00027062110084386995,7.404692500422012e-06,0.0013123093043641413,0.013111274538066623,2.820309906281039e-05,0.07914920877935433
1,128000.0,False,32,568d1_00000,2025-07-28_16-57-01,1753714621,11.581071615219116,314.3946170806885,34528,SDS-1KTH,127.0.0.1,314.3946170806885,32,7.865665137653869,1.867971684353808e-05,7.865268888889132,1.8163829741276794,6.04358191808765,0.003270288434925141,1.7714267276162166,0.00011810611080369044,4000.0,672.0,263.8858374758918,500.0,500.0,4.626769220519606e-05,500,31.0,0.0002751500014710473,8.0,0.42695853200028067,128000.0,263.8858374758918,500.0,500,500.0,544.5566769235486,2,0,0,8.600000000000001,93.08749999999999,0.00036473378592392274,0.0001214814336680756,500.0,128000.0,4000.0,4000.0,500.0,128000.0,120320,121447479,3769400,0,3863808,4138.525049438497,134915,4000.0,668392.1725177577,21119.355465230354,21118.763130270563,128.0,0.45292163,9.907459,10.053822,-0.009931684,0.8930325,5e-05,120320,0.14635654,1.0,0.0048139403,32.0,3193.6846,3863808,0.0,0.0005859375232830644,134915,21121.250275602168,0.19202236658278993,2.5232018040541132e-05,1.699124544638214e-06,3.0763546762747616e-05,1.8337752791510603e-05,5.0722629610230833e-05,0.00016229233097091628,3.1139698200177024e-05,4.486421145692946e-06,7.141442125130058e-06,6.3931837056698876e-06,1.7054543161255613e-05,0.07734103911600232,0.020473151484127296,0.0002697898898517294,7.397645576271815e-06,0.0013003122113087893,0.01301006479268106,2.8155068071364118e-05,0.0791144966915714
1,132000.0,False,33,568d1_00000,2025-07-28_16-57-09,1753714629,8.18820834159851,322.582825422287,34528,SDS-1KTH,127.0.0.1,322.582825422287,33,7.868813138277358,1.8617919681039882e-05,7.868413058000256,1.8150964443864173,6.048001142906806,0.0032857835505799393,1.770364232840063,0.00011938929292932098,4000.0,681.0,208.69418546390375,332.0,500.0,4.672581731140411e-05,332,32.0,0.0002751500014710473,9.0,0.416953422000297,132000.0,208.69418546390375,496.64,500,496.64,529.4702343675826,2,0,0,8.491666666666669,93.15833333333335,0.0003754730620465005,0.00012305774979031207,496.64,132000.0,4000.0,4000.0,496.64,132000.0,120448,125221830,3774351,0,3984256,4137.249798944112,134915,4000.0,666786.9828437108,21078.69131086898,21078.112006962794,128.0,0.45169502,9.572676,9.530733,-0.019946933,1.6221175,5e-05,120448,-0.041944586,1.0,0.0043201763,33.0,3616.7246,3984256,0.0,0.0002929687616415322,134915,21080.48686545684,0.19320386291697533,2.590324174973964e-05,1.7589050613186155e-06,3.147879736656844e-05,1.8723775564116743e-05,5.176962190338461e-05,0.0001678620267319166,3.199234142981649e-05,4.470834810377433e-06,6.976873489900404e-06,6.428909689429606e-06,1.7192239429360074e-05,0.07861883472483876,0.020448778969291433,0.00027272899094796135,7.391669092597825e-06,0.0012885640891840064,0.012912040144779221,2.810751738983231e-05,0.0791509817246409
1,136000.0,False,34,568d1_00000,2025-07-28_16-57-20,1753714640,11.104567527770996,333.687392950058,34528,SDS-1KTH,127.0.0.1,333.687392950058,34,7.864547645894588,1.8564740478323034e-05,7.864147616420266,1.8138670839425342,6.044973375477715,0.0032826497150522994,1.7693385485116626,0.00011537461537075359,4000.0,689.0,208.92218517223887,332.0,500.0,4.5360809690522596e-05,332,33.0,0.0002751500014710473,8.0,0.4100178420004522,136000.0,208.92218517223887,496.64,500,496.64,515.1401309372584,2,0,0,8.440000000000001,93.21999999999998,0.00036345351448810963,0.00012048717235552163,496.64,136000.0,4000.0,4000.0,496.64,136000.0,120320,128991230,3769400,0,4104576,4135.977300954671,134915,4000.0,667653.668729238,21116.526212997214,21116.01529366957,128.0,0.50433964,9.896343,9.854103,-0.059328794,0.84600776,5e-05,120320,-0.042242065,1.0,0.004761283,34.0,3689.5308,4104576,0.0,0.0001464843808207661,134915,21118.216900932854,0.19290807028782198,2.5090635469441074e-05,1.6778212251171394e-06,3.03548429454822e-05,1.8760394343875435e-05,5.051303455437418e-05,0.00016216644012505353,3.094576997613931e-05,4.45926480826323e-06,6.7567760538222205e-06,6.331198198226339e-06,1.6866705729664267e-05,0.07848725137760827,0.020397211179598966,0.0002718277010454676,7.386752381375068e-06,0.0012768334482829975,0.012814175743333461,2.806044221511582e-05,0.07915145090738139
1,140000.0,False,35,568d1_00000,2025-07-28_16-57-27,1753714647,7.434627294540405,341.1220202445984,34528,SDS-1KTH,127.0.0.1,341.1220202445984,35,7.860159288435637,1.8515093054097046e-05,7.859759279256057,1.8120474081031104,6.042416284722916,0.0032779732179000535,1.7677547715265378,0.00011499465528667829,4000.0,697.0,194.2832538718793,332.0,500.0,4.502526916048171e-05,332,34.0,0.0002751500014710473,8.0,0.40598976600034803,140000.0,194.2832538718793,496.06,500,496.06,501.2222256407802,2,0,0,7.863636363636363,93.12727272727271,0.00036327128986660167,0.0001218722232135587,496.06,140000.0,4000.0,4000.0,496.06,140000.0,120320,132760630,3769400,0,4224896,4134.717527945124,134915,4000.0,664697.4844472858,21032.022921124455,21031.481236624633,128.0,0.46924713,9.868106,9.800737,-0.0045182705,0.59878355,5e-05,120320,-0.067369096,1.0,0.0028067976,35.0,3641.7644,4224896,0.0,7.324219041038305e-05,134915,21033.86731076207,0.1925078715849279,2.4957163309187217e-05,1.7647881420745251e-06,3.0367758611465247e-05,1.8262915337619654e-05,5.024625022780886e-05,0.00016120433143851555,3.1083613925777024e-05,4.563268184677202e-06,6.764490226768387e-06,6.375626338059186e-06,1.7060120021208866e-05,0.07831982386382114,0.020341643067795272,0.00027093742402084796,7.3788848508008464e-06,0.00126518511377915,0.012716868985897878,2.8034837770151916e-05,0.07908679639830278
1,144000.0,False,36,568d1_00000,2025-07-28_16-57-46,1753714666,18.729108333587646,359.85112857818604,34528,SDS-1KTH,127.0.0.1,359.85112857818604,36,7.922548307551267,1.8491942120191207e-05,7.922145886463516,1.8144496240220773,6.102376738875668,0.003300842485708223,1.7703412408112627,0.00012700849442120083,4000.0,705.0,194.31420067710172,332.0,500.0,4.911036717029892e-05,332,35.0,0.0002751500014710473,8.0,0.4180609940003342,144000.0,194.31420067710172,496.06,500,496.06,488.0829500253614,2,0,0,21.949999999999996,93.19999999999999,0.00039474650858104313,0.0001273120186055987,496.06,144000.0,4000.0,4000.0,496.06,144000.0,120320,136530030,3769400,0,4345216,4133.470352665673,134915,4000.0,646527.1347651603,20461.020981304726,20460.505734720733,128.0,0.4841102,9.878929,9.90769,-0.08394086,1.5195378,5e-05,120320,0.02875945,1.0,0.010394387,36.0,3559.4016,4345216,0.0,7.324219041038305e-05,134915,20463.146752224362,0.19414998786907461,2.703793907037909e-05,1.8107290104873576e-06,3.274217219880369e-05,1.973639647963427e-05,5.4355123748228004e-05,0.00017874234111489113,3.3718368479968724e-05,4.70201278893546e-06,7.308395953542513e-06,6.7307895155148e-06,1.7840770347487974e-05,0.08004780062518257,0.020325920637132063,0.0002701060497834013,7.3850959929959105e-06,0.0012539212626601368,0.01262502229604226,2.812548937980397e-05,0.07912186743434368
1,148000.0,False,37,568d1_00000,2025-07-28_16-57-55,1753714675,8.50922417640686,368.3603527545929,34528,SDS-1KTH,127.0.0.1,368.3603527545929,37,7.928325188475747,1.8434022720155462e-05,7.927921158598873,1.8123288017818455,6.110269262486898,0.0033071720608752854,1.7684597564031548,0.00011873450180861341,4000.0,713.0,165.70694264998548,332.0,500.0,4.740627554710575e-05,332,36.0,0.0002751500014710473,8.0,0.41043937000031294,148000.0,165.70694264998548,492.2,500,492.2,474.9705889408167,2,0,0,10.466666666666667,93.125,0.00038130259014075894,0.00012781188053932258,492.2,148000.0,4000.0,4000.0,492.2,148000.0,120320,140299430,3769400,0,4465536,4132.2356491390165,134915,4000.0,649452.3431089917,20563.20561022915,20562.72300589038,128.0,0.4824995,9.943805,9.902844,0.09549123,0.7951458,5e-05,120320,-0.040959895,1.0,0.0031853167,37.0,3465.018,4465536,0.0,3.662109520519152e-05,134915,20565.22804843974,0.19394107699040497,2.6124470436378298e-05,1.7824899583271327e-06,3.255084519416035e-05,1.9508395161510844e-05,5.207705798714433e-05,0.00016862372034497235,3.200256741313204e-05,4.783107617672096e-06,6.9889431239076966e-06,6.713166553880649e-06,1.764803630597584e-05,0.07992511561892604,0.02030830643074394,0.000269957989298562,7.384245043227147e-06,0.0012425690500497515,0.01253349707308682,2.8090234503802106e-05,0.0791582707599973
1,152000.0,False,38,568d1_00000,2025-07-28_16-58-07,1753714687,12.336526870727539,380.69687962532043,34528,SDS-1KTH,127.0.0.1,380.69687962532043,38,7.928049426590993,1.8379682500583767e-05,7.9276457410129035,1.8114444537640155,6.110877663862012,0.003314902340269701,1.7677489893391152,0.00015199507019795626,4000.0,721.0,168.17385932137893,332.0,500.0,6.107320763898773e-05,332,37.0,0.0002751500014710473,8.0,0.41021693000024245,152000.0,168.17385932137893,492.2,500,492.2,462.53982257131605,2,0,0,9.233333333333333,93.88888888888889,0.00045018555365922857,0.00014590023096095348,492.2,152000.0,4000.0,4000.0,492.2,152000.0,120320,144068830,3769400,0,4585856,4131.013292647626,134915,4000.0,645405.2557431749,20442.4924192157,20442.051992700148,128.0,0.50807947,10.0,9.881066,-0.0218544,0.309271,5e-05,120320,-0.11893444,1.0,0.0039049261,38.0,3665.044,4585856,0.0,1.831054760259576e-05,134915,20444.411450509786,0.19368029822050375,3.130100677102489e-05,2.02559316815007e-06,3.732684396558855e-05,2.2247151187710536e-05,6.17719345260445e-05,0.00020777024331844718,4.029959235307597e-05,5.168518821912507e-06,9.17605546312029e-06,8.420443184026406e-06,1.998781539972619e-05,0.07976340746271204,0.020292912366449548,0.0002690734094015624,7.378402564883603e-06,0.0012313943595434807,0.012463180102340508,2.8066332151180324e-05,0.07915852505239436
1,156000.0,False,39,568d1_00000,2025-07-28_16-58-16,1753714696,8.655257940292358,389.3521375656128,34528,SDS-1KTH,127.0.0.1,389.3521375656128,39,7.935249468325065,1.8323885667978803e-05,7.934845260602783,1.8105009032263852,6.119029539223404,0.0033107943168467742,1.7669580174457158,0.0001161976767144357,4000.0,729.0,168.1738593257955,420.0,500.0,4.5693445491946024e-05,420,38.0,0.0002751500014710473,8.0,0.41603129000017364,156000.0,168.1738593257955,495.56,500,495.56,450.41583585366163,2,0,0,10.175,92.58333333333333,0.00036399804587993986,0.00012080824709294842,495.56,156000.0,4000.0,4000.0,495.56,156000.0,120320,147838230,3769400,0,4706176,4129.80315972115,134915,4000.0,643696.4246085162,20395.95097423593,20395.572416279494,128.0,0.46735936,9.852474,9.762568,-0.08607495,0.32510018,5e-05,120320,-0.089905664,1.0,0.003214716,39.0,3737.1665,4706176,0.0,9.15527380129788e-06,134915,20397.876482338586,0.19341743623830693,2.5157432479135088e-05,1.677305438152495e-06,3.066399983599926e-05,1.843078930256594e-05,5.0333000494217766e-05,0.00016145062603038237,3.089363488049617e-05,4.598970458340672e-06,6.807925317013744e-06,6.30623563126617e-06,1.680659442201241e-05,0.0796684643880908,0.020279971242805145,0.0002683116752984701,7.400618542630369e-06,0.001220267415964262,0.012369305301303,2.8237668815339656e-05,0.07911082580185243
1,160000.0,False,40,568d1_00000,2025-07-28_16-58-28,1753714708,12.268223524093628,401.6203610897064,34528,SDS-1KTH,127.0.0.1,401.6203610897064,40,7.940971103641807,1.8371646824017156e-05,7.94056465199676,1.8127523891940995,6.122503166831177,0.003311206373675531,1.7692101532712667,0.00015205027793365687,4000.0,737.0,173.25351942302387,420.0,500.0,5.9560700032784594e-05,420,39.0,0.0002751500014710473,8.0,0.426001562000165,160000.0,173.25351942302387,494.18,500,494.18,438.90888828839377,2,0,0,8.935294117647057,93.34705882352942,0.00045654921737785584,0.0001507800360832496,494.18,160000.0,4000.0,4000.0,494.18,160000.0,120320,151607630,3769400,0,4826496,4128.605128123939,134915,4000.0,644232.6682117132,20420.60098034888,20420.25341143563,128.0,0.44793066,9.727328,9.680942,0.17079514,0.53961474,5e-05,120320,-0.04638701,1.0,0.0066506835,40.0,3471.9612,4826496,0.0,9.15527380129788e-06,134915,20422.400852211867,0.19461242287592095,3.1732532738146675e-05,2.1070107601657702e-06,3.746698515314612e-05,2.3629219785314196e-05,6.307921227706269e-05,0.00020752076331913944,4.0218165448373596e-05,5.465085015397542e-06,9.02566412037403e-06,8.756806504433987e-06,2.0270230207205756e-05,0.08099707674419403,0.020239186530364245,0.000267524558539789,7.399612367365261e-06,0.0012094987417734869,0.01228595824827701,2.8226292117066044e-05,0.07911501754382458
1,164000.0,False,41,568d1_00000,2025-07-28_16-58-35,1753714715,7.133971929550171,408.7543330192566,34528,SDS-1KTH,127.0.0.1,408.7543330192566,41,7.932834849605378,1.8318930371021336e-05,7.932428672476807,1.81130442530217,6.115824145162842,0.003309972309947649,1.7679459667385578,0.0001201233612617603,4000.0,745.0,176.6435689365971,420.0,500.0,4.678166329499192e-05,420,40.0,0.0002751500014710473,8.0,0.42847341000022426,164000.0,176.6435689365971,494.76,500,494.76,427.71954615756135,2,0,0,8.41,93.32000000000001,0.0003691072876703211,0.00012262860294702565,494.76,164000.0,4000.0,4000.0,494.76,164000.0,120320,155377030,3769400,0,4946816,4127.4190768427,134915,4000.0,649401.4469522978,20592.774855230382,20592.421511649933,128.0,0.44919991,9.820114,9.791892,0.009896517,0.98588467,5e-05,120320,-0.028222788,1.0,0.0115285395,41.0,3411.7678,4946816,0.0,9.15527380129788e-06,134915,20594.48186833534,0.1942818876471554,2.5832469016229438e-05,1.7320540977914923e-06,3.124137233902714e-05,1.853033025069745e-05,5.130724456311259e-05,0.00016332740825392687,3.194544533922609e-05,4.487440731878608e-06,6.912222709384603e-06,6.391140649764949e-06,1.7025186361751044e-05,0.08085940597675773,0.02018438966504096,0.0002665953129706739,7.397616246238309e-06,0.0011990057543305615,0.012196513665792299,2.8211029191696984e-05,0.0790801533683825
1,168000.0,False,42,568d1_00000,2025-07-28_16-58-46,1753714726,10.493899583816528,419.2482326030731,34528,SDS-1KTH,127.0.0.1,419.2482326030731,42,7.922883091109317,1.825974106563381e-05,7.922476781752038,1.8086472760491255,6.108536998711244,0.00330593058684825,1.7654707240711818,0.00011224426576663597,4000.0,753.0,176.64356894266638,420.0,500.0,4.4349198687762686e-05,420,41.0,0.0002751500014710473,8.0,0.41212018800026273,168000.0,176.64356894266638,494.76,500,494.76,417.4261285168117,2,0,0,7.493333333333334,93.13999999999997,0.0003506200348658644,0.00011649771578654655,494.76,168000.0,4000.0,4000.0,494.76,168000.0,120320,159146430,3769400,0,5067136,4126.2448860742725,134915,4000.0,654298.2107232083,20755.87463314931,20755.554971270816,128.0,0.42997563,9.89912,10.069802,0.049411,0.75230503,5e-05,120320,0.17068112,1.0,0.0055102087,42.0,2963.1948,5067136,0.0,9.15527380129788e-06,134915,20757.497159028568,0.1938809287706814,2.4376122456077354e-05,1.6107987272402321e-06,2.9797561677964392e-05,1.804951727121321e-05,4.8566812859790975e-05,0.00015490447127496125,2.9879031025751002e-05,4.279666641869739e-06,6.505218854218847e-06,6.086399231764815e-06,1.641550523476271e-05,0.08067027591700049,0.020136196768391085,0.00026578035985641644,7.3906400846299496e-06,0.0011881926968000868,0.012106291529133928,2.816091892011265e-05,0.07902075883471982
1,172000.0,False,43,568d1_00000,2025-07-28_16-58-53,1753714733,7.137758493423462,426.3859910964966,34528,SDS-1KTH,127.0.0.1,426.3859910964966,43,7.914952836198232,1.8224143646534568e-05,7.914545835934524,1.8066202342886284,6.102642773724122,0.0033018062809891365,1.7636716428304813,0.00011244050862400706,4000.0,761.0,182.66774607862797,431.0,500.0,4.4557767281006865e-05,431,42.0,0.0002751500014710473,8.0,0.4115611280001758,172000.0,182.66774607862797,497.16,500,497.16,407.4865662609821,2,0,0,8.35,93.09,0.00035256527957199814,0.00011865832346133638,497.16,172000.0,4000.0,4000.0,497.16,172000.0,120320,162915830,3769400,0,5187456,4125.08243721353,134915,4000.0,656847.5858867352,20843.646790843053,20843.34880560015,128.0,0.4657113,9.921917,9.908188,0.010917664,0.19603494,5e-05,120320,-0.01372923,1.0,0.0042552375,43.0,3253.176,5187456,0.0,4.57763690064894e-06,134915,20845.169049051776,0.19362195648294878,2.4363822837123182e-05,1.6197835389836008e-06,3.000732395018629e-05,1.789615492763063e-05,4.885611472087751e-05,0.0001559444351717015,3.0324782018772302e-05,4.3435813219001806e-06,6.957814591437157e-06,6.266265937449473e-06,1.6484371112981424e-05,0.08056183015783412,0.020100958800695658,0.000265831556258175,7.381733669408687e-06,0.0011774567698271462,0.012018622613826262,2.8116309716557044e-05,0.07900556524636425
1,176000.0,False,44,568d1_00000,2025-07-28_16-59-05,1753714745,12.234254598617554,438.62024569511414,34528,SDS-1KTH,127.0.0.1,438.62024569511414,44,7.9212418778362546,1.816790218724111e-05,7.920833780575203,1.8134486059457329,6.1021122669868815,0.0032993382181532725,1.76820118390217,0.00014783342794416607,4000.0,769.0,258.78220105665457,316.0,500.0,5.9029550221527825e-05,316,43.0,0.0002751500014710473,8.0,0.4253622340000584,176000.0,258.78220105665457,494.42,500,494.42,398.2281949621827,2,0,0,9.927777777777779,93.73888888888888,0.00044444572866380076,0.00014061397944550378,494.42,176000.0,4000.0,4000.0,494.42,176000.0,120320,166685230,3769400,0,5307776,4123.931612841395,134915,4000.0,659136.9353098228,20923.142815842995,20922.67805889059,128.0,0.44875124,9.81442,9.9067,0.08516693,1.1955297,5e-05,120320,0.0922813,1.0,0.0049074763,44.0,3090.9697,5307776,0.0,2.28881845032447e-06,134915,20925.260666315004,0.19331238691811764,3.0022662318093678e-05,1.911963766258127e-06,3.604167553032976e-05,2.145890178572408e-05,6.20525047062563e-05,0.00020729146494692327,3.864140842993439e-05,4.978016690334113e-06,8.861703566235127e-06,8.079401186258729e-06,1.8976173245156616e-05,0.08041399985624531,0.020073729212693327,0.0002649782406881939,7.371916310725142e-06,0.0011669682020985705,0.011933474387675252,2.8063146609266135e-05,0.07896948659392275
1,180000.0,False,45,568d1_00000,2025-07-28_16-59-14,1753714754,8.272309303283691,446.8925549983978,34528,SDS-1KTH,127.0.0.1,446.8925549983978,45,7.924702426057891,1.8128223191612903e-05,7.9242940347694235,1.8124200968862674,6.10660812631702,0.003296787835967752,1.7674223395631525,0.0001337212665342844,4000.0,777.0,258.78224723609645,316.0,500.0,5.206323430875309e-05,316,44.0,0.0002751500014710473,8.0,0.42677057600027185,180000.0,258.78224723609645,494.42,500,494.42,389.1792725274283,2,0,0,10.758333333333333,94.22500000000001,0.0004120112152295461,0.00013910476948956205,494.42,180000.0,4000.0,4000.0,494.42,180000.0,120320,170454630,3769400,0,5428096,4122.792296712981,134915,4000.0,656064.1137445682,20831.08843213133,20830.56212956055,128.0,0.43144074,9.769238,9.74869,0.00266397,1.2474407,5e-05,120320,-0.020548265,1.0,0.0022466916,45.0,3125.0823,5428096,0.0,1.144409225162235e-06,134915,20833.174830586995,0.1930740350489099,2.841758951030212e-05,1.9345933355666745e-06,3.5022571772220287e-05,2.132346862783695e-05,5.7034055138010026e-05,0.00018047823663170287,3.479195804608382e-05,5.287345382586851e-06,7.817230122551543e-06,7.217113465430603e-06,1.9097558506837228e-05,0.08030159385771196,0.02009344292058927,0.000264041458300975,7.361197154393728e-06,0.0011565785200743533,0.01184784364381436,2.802751511697537e-05,0.0789229447279866
1,184000.0,False,46,568d1_00000,2025-07-28_16-59-25,1753714765,10.896331310272217,457.78888630867004,34528,SDS-1KTH,127.0.0.1,457.78888630867004,46,7.918035607797333,1.8204940959727508e-05,7.917625287421729,1.8119224039173987,6.100439474053861,0.0033011029576277442,1.7671249916675338,0.00011830751880592647,4000.0,785.0,258.7822472360966,316.0,500.0,4.711080746013299e-05,316,45.0,0.0002751500014710473,8.0,0.42178228400014633,184000.0,258.7822472360966,494.42,500,494.42,380.68919623475676,2,0,0,9.186666666666667,93.92666666666668,0.00037752529957869917,0.00012448178279940702,494.42,184000.0,4000.0,4000.0,494.42,184000.0,120320,174224030,3769400,0,5548416,4121.664373745851,134915,4000.0,655549.8687144036,20820.338468446414,20819.853275650898,128.0,0.47161567,9.849425,9.894602,0.013903499,0.73939085,5e-05,120320,0.04517712,1.0,0.0031744936,46.0,3425.3743,5548416,0.0,5.722046125811175e-07,134915,20822.332202083195,0.19274877969842086,2.6087177804305543e-05,1.7855379925977142e-06,3.2266196549021e-05,1.8792553384246114e-05,5.124545743813179e-05,0.00016884736678652947,3.1931377195642216e-05,4.557063121833116e-06,6.899422312371929e-06,6.566406030601168e-06,1.737746034336886e-05,0.08014135791915133,0.020050282491382715,0.0002633310437528829,7.392585218396045e-06,0.001146141734884743,0.011760464207383305,2.7981239964987448e-05,0.07890185528070685
1,188000.0,False,47,568d1_00000,2025-07-28_16-59-33,1753714773,8.296419858932495,466.08530616760254,34528,SDS-1KTH,127.0.0.1,466.08530616760254,47,7.921796081719367,1.8159891538301968e-05,7.921385745547514,1.8106684358782072,6.105464870313323,0.003297656928055835,1.7655301927508844,0.00010987632675040317,4000.0,794.0,225.6400296643801,316.0,500.0,4.437644636896574e-05,316,46.0,0.0002751500014710473,9.0,0.4145312020001438,188000.0,225.6400296643801,493.8,500,493.8,372.4575160043868,2,0,0,10.641666666666667,93.50833333333333,0.0003521339010110325,0.00011674073545285886,493.8,188000.0,4000.0,4000.0,493.8,188000.0,120448,177998381,3774351,0,5668864,4120.557730008392,134915,4000.0,647606.9494879873,20571.782376053798,20571.33626658062,128.0,0.479289,9.813858,9.839395,-0.014807105,0.5178793,5e-05,120448,0.0255359,1.0,0.006390735,47.0,3222.5115,5668864,0.0,5.722046125811175e-07,134915,20573.64213296567,0.19380775290140068,2.4175181980642684e-05,1.6389574792780514e-06,3.0055273858228354e-05,1.764505844501729e-05,4.819200553624051e-05,0.00015672908063353109,2.9697698983630156e-05,4.319241532412427e-06,6.552226662074046e-06,6.095357082740452e-06,1.625473979949334e-05,0.08131921133994771,0.02000845866648356,0.00026323073328519834,7.384659359451614e-06,0.0011358663175081174,0.01167372256530215,2.7937427579748396e-05,0.0789241447278746
1,192000.0,False,48,568d1_00000,2025-07-28_16-59-44,1753714784,11.603185892105103,477.68849205970764,34528,SDS-1KTH,127.0.0.1,477.68849205970764,48,7.925102515902173,1.8128292637319525e-05,7.924691587092044,1.8130935215194413,6.106306573610193,0.0033501663587643085,1.768047004823391,0.00015566066077321133,4000.0,802.0,231.22394928486756,316.0,500.0,6.040740983228194e-05,316,47.0,0.0002751500014710473,8.0,0.4318046879999747,192000.0,231.22394928486756,493.8,500,493.8,364.6971106715697,2,0,0,11.46875,93.15,0.00047026833886263926,0.00015717781225878488,493.8,192000.0,4000.0,4000.0,493.8,192000.0,120320,181767781,3769400,0,5789184,4119.452152708309,134915,4000.0,649628.0879034752,20641.273708799697,20640.856990936314,128.0,0.4570321,9.929693,10.063511,-0.020532012,0.74742615,5e-05,120320,0.13381834,1.0,0.00576728,48.0,3069.6492,5789184,0.0,5.722046125811175e-07,134915,20643.01552063762,0.19371919937237686,3.2255223136201155e-05,2.3451849550297115e-06,3.8829537992413575e-05,2.334799982904311e-05,6.514343848915515e-05,0.00021239688047730798,4.1692808622058845e-05,5.692187202011602e-06,9.016314192358326e-06,8.548883761945407e-06,2.1258692589370046e-05,0.08121255322656726,0.019959044079821443,0.000262403425944947,7.3918127641746635e-06,0.0011271186543147342,0.011598417339647296,2.794905330060141e-05,0.07907808528060582
1,196000.0,False,49,568d1_00000,2025-07-28_16-59-51,1753714791,6.826670408248901,484.51516246795654,34528,SDS-1KTH,127.0.0.1,484.51516246795654,49,7.9141788087431255,1.8094009702503425e-05,7.913765496221132,1.8110334603042442,6.097460181874101,0.003343048695188269,1.766190056775149,0.00013749845678343936,4000.0,812.0,189.13943746608248,166.0,500.0,5.304803518447503e-05,166,48.0,0.0002751500014710473,10.0,0.4124775880001107,196000.0,189.13943746608248,468.58,500,468.58,357.136266908119,2,0,0,9.209999999999999,92.69,0.0004190721077198321,0.00014531398609888912,468.58,196000.0,4000.0,4000.0,468.58,196000.0,120448,185543073,3775292,0,5909632,4118.377631181226,134915,4000.0,655369.2570252628,20828.78293698249,20828.353562839613,128.0,0.49052066,9.852601,9.8097105,0.26872212,1.1580294,5e-05,120448,-0.042890303,1.0,0.008886677,49.0,2860.9595,5909632,0.0,5.722046125811175e-07,134915,20830.49970209789,0.1933702933786587,2.908302116703404e-05,2.0667481727682664e-06,3.576647442035891e-05,2.1581758628377364e-05,5.82381167288898e-05,0.00018338425826547666,3.613108515446948e-05,5.498535072113115e-06,7.966617198933666e-06,7.675222090257548e-06,2.0255985527641335e-05,0.08103022669428185,0.01991847763900918,0.00026163639167387415,7.387894623850632e-06,0.0011171584677861256,0.011515297166236971,2.790456277439172e-05,0.07904817242783373
1,200000.0,False,50,568d1_00000,2025-07-28_17-00-03,1753714803,11.13220500946045,495.647367477417,34528,SDS-1KTH,127.0.0.1,495.647367477417,50,7.905470855655698,1.8039069582650278e-05,7.905058156258897,1.8080339667011887,6.091774749055385,0.0033334002082620624,1.763369722207393,0.0001179566921898174,4000.0,820.0,221.6996811624161,166.0,500.0,4.602374044505365e-05,166,49.0,0.0002751500014710473,8.0,0.3903643420001754,200000.0,221.6996811624161,471.46,500,471.46,350.35294313977977,2,0,0,9.087499999999999,92.57499999999999,0.00036660152328045226,0.00012253988816824486,471.46,200000.0,4000.0,4000.0,471.46,200000.0,120320,189312473,3769400,0,6029952,4117.293854869414,134915,4000.0,657304.6552125934,20895.130662138195,20894.728848308947,128.0,0.4086939,9.887539,10.000193,0.07813084,0.6751687,5e-05,120320,0.11265279,1.0,0.0038216384,50.0,2894.0752,6029952,0.0,2.8610230629055877e-07,134915,20896.780791320754,0.19300872344488088,2.5391544637991097e-05,1.6930183858011024e-06,3.102299055386374e-05,1.881042327526717e-05,5.043453930226154e-05,0.00016319709268269674,3.167840699444497e-05,4.4582308262852466e-06,6.926008190498516e-06,6.3853361865021926e-06,1.7030633749663667e-05,0.0808482014273352,0.019876153862614928,0.0002607840277649599,7.3860156801588265e-06,0.00110713188313209,0.011431665194593585,2.7906517139912944e-05,0.07900773470353391
1,204000.0,False,51,568d1_00000,2025-07-28_17-00-10,1753714810,7.923714876174927,503.5710823535919,34528,SDS-1KTH,127.0.0.1,503.5710823535919,51,7.905582014099152,1.7983678892760958e-05,7.905169185696326,1.8100240550341757,6.089918740564857,0.003324165206181466,1.7654199969853215,0.00030351342362178765,4000.0,828.0,221.69970835150787,166.0,500.0,0.0001187865667573259,166,50.0,0.0002751500014710473,8.0,0.38843194000000947,204000.0,221.69970835150787,471.46,500,471.46,343.66606862802956,2,0,0,10.18181818181818,93.2,0.0008061711250737593,0.0002577641050793883,471.46,204000.0,4000.0,4000.0,471.46,204000.0,120320,193081873,3769400,0,6150272,4116.22091632072,134915,4000.0,659031.0882795672,20954.603122220316,20954.179222420174,128.0,0.38443542,9.749198,9.882771,0.07570636,0.7562724,5e-05,120320,0.13357365,1.0,0.0034670664,51.0,2653.4626,6150272,0.0,1.4305115314527939e-07,134915,20956.159405329297,0.19300012221046045,5.713942575347287e-05,3.410497030282988e-06,6.128212000776997e-05,3.5939820789845144e-05,0.00010859852092883344,0.00039934032095403465,7.981395060747096e-05,7.929073929652437e-06,1.7682664482195424e-05,1.6677782563521966e-05,3.4220556270978005e-05,0.08072236341303318,0.019840972323996422,0.0002601541874875459,7.386155541132927e-06,0.0010975305642890996,0.01135777454266177,2.788245194570107e-05,0.07924580435649582
1,208000.0,False,52,568d1_00000,2025-07-28_17-00-22,1753714822,11.046731233596802,514.6178135871887,34528,SDS-1KTH,127.0.0.1,514.6178135871887,52,7.899317319958171,1.7932842103848716e-05,7.898904651839354,1.808444402483855,6.085254848159215,0.003315877554120086,1.7640099380154746,0.00011677823353861946,4000.0,836.0,270.6826109108264,166.0,500.0,4.665352801079908e-05,166,51.0,0.0002751500014710473,8.0,0.3948677119999775,208000.0,270.6826109108264,468.84,500,468.84,337.5386391919866,2,0,0,9.368749999999999,93.10625,0.00036474731219591144,0.00012329674900609137,468.84,208000.0,4000.0,4000.0,468.84,208000.0,120320,196851273,3769400,0,6270592,4115.158707157513,134915,4000.0,663166.7397208984,21090.722092180968,21090.329896968586,128.0,0.39582476,9.785807,9.7414055,0.091575146,0.67776215,5e-05,120320,-0.044403423,1.0,0.004772565,52.0,3060.4155,6270592,0.0,7.152557657263969e-08,134915,21092.192969549524,0.19269349598833688,2.556024330064732e-05,1.6783914526028592e-06,3.066765041087736e-05,1.827149887991874e-05,5.091520972520897e-05,0.00016099578399199823,3.179225002010492e-05,4.490776783361395e-06,6.9961661524447474e-06,6.372723397154407e-06,1.7213716548095767e-05,0.08058329577893168,0.01979394260074488,0.00025931164561880226,7.388293982346484e-06,0.0010887122586270065,0.011278882797234208,2.7851627422889435e-05,0.07921550931293028
1,212000.0,False,53,568d1_00000,2025-07-28_17-00-29,1753714829,7.431126117706299,522.048939704895,34528,SDS-1KTH,127.0.0.1,522.048939704895,53,7.894557273758596,1.790051371074711e-05,7.894144363320951,1.807417615458985,6.081543785677623,0.003306003778567276,1.7631390356353323,0.00012403818969441543,4000.0,844.0,270.95684314080626,166.0,500.0,4.84588157108786e-05,166,52.0,0.0002751500014710473,8.0,0.39866695999982765,212000.0,270.95684314080626,470.84,500,470.84,331.51544341439114,2,0,0,10.000000000000002,92.9,0.000377314464124941,0.00012584241006736297,470.84,212000.0,4000.0,4000.0,470.84,212000.0,120320,200620673,3769400,0,6390912,4114.107120085938,134915,4000.0,663041.0836378045,21090.734082108393,21090.332683064713,128.0,0.4125787,9.815932,9.802903,-0.013763428,0.58185935,5e-05,120320,-0.013029642,1.0,0.0062129507,53.0,3013.2083,6390912,0.0,7.152557657263969e-08,134915,21092.16576457303,0.19239943902843568,2.641445987998636e-05,1.7275401717731538e-06,3.187778665477437e-05,1.8959858951833203e-05,5.2719960713174414e-05,0.00016763282332696728,3.311401163979534e-05,4.715199256090357e-06,7.207666541507105e-06,6.769333662697891e-06,1.7252018333354383e-05,0.08043315282112741,0.01975948317471122,0.00025858652916199075,7.382411050991536e-06,0.001078994136029031,0.011197886969278344,2.7804111161378683e-05,0.0791996432197877
1,216000.0,False,54,568d1_00000,2025-07-28_17-00-40,1753714840,11.443480968475342,533.4924206733704,34528,SDS-1KTH,127.0.0.1,533.4924206733704,54,7.887981970020994,1.7863508563504055e-05,7.8875693816877686,1.8078721233043704,6.074535755820876,0.003298091740767678,1.763808779278973,0.00012076181846324441,4000.0,852.0,270.9568431412972,166.0,500.0,4.851189684402956e-05,166,53.0,0.0002751500014710473,8.0,0.39216233999999534,216000.0,270.9568431412972,470.84,500,470.84,326.015930793668,2,0,0,9.306249999999999,93.09375,0.00038656068808240755,0.00012877845443794498,470.84,216000.0,4000.0,4000.0,470.84,216000.0,120320,204390073,3769400,0,6511232,4113.066048885078,134915,4000.0,667911.60756902,21249.897326395374,21249.50891362895,128.0,0.4275334,10.0,10.011558,0.02858454,0.6320821,5e-05,120320,0.011557464,1.0,0.0032993397,54.0,2550.753,6511232,0.0,3.5762788286319847e-08,134915,21251.27896354183,0.19206073463811765,2.6540166731053694e-05,1.7918740474163024e-06,3.2739708537726645e-05,1.9787929792114197e-05,5.354485517115044e-05,0.0001709291505663119,3.286886187160952e-05,4.873089820538913e-06,7.185646450716047e-06,6.94210336990886e-06,1.7986649549548683e-05,0.08027428729293973,0.019713076342982118,0.00025785866386636197,7.428586944726124e-06,0.0010694511946688892,0.011117454099576627,2.785007004303516e-05,0.07915863078759552
1,220000.0,False,55,568d1_00000,2025-07-28_17-00-49,1753714849,8.550067663192749,542.0424883365631,34528,SDS-1KTH,127.0.0.1,542.0424883365631,55,7.894485054320783,1.7812873470269887e-05,7.894072365870906,1.806051122071321,6.082880404262673,0.003289211823340875,1.7621992859861864,0.00010857277510082288,4000.0,860.0,270.9568431412972,166.0,500.0,4.350741200426728e-05,166,54.0,0.0002751500014710473,8.0,0.40377906200003055,220000.0,270.9568431412972,484.6,500,484.6,320.57780990217157,2,0,0,12.153846153846157,94.20000000000002,0.0003517161834277152,0.00011705560626193315,484.6,220000.0,4000.0,4000.0,484.6,220000.0,120320,208159473,3769400,0,6631552,4112.035388396227,134915,4000.0,671235.630471737,21359.614908228446,21359.222128211746,128.0,0.43508816,9.946833,9.839271,-0.016970038,0.46974275,5e-05,120320,-0.10756156,1.0,0.0046246904,55.0,2726.4146,6631552,0.0,1.7881394143159923e-08,134915,21360.971071751206,0.19170158229174653,2.3932937595741325e-05,1.6235525138297103e-06,2.9390715034672075e-05,1.7711826755701393e-05,4.8651082371785505e-05,0.00015701983178133548,2.98055677227682e-05,4.309858565907107e-06,6.534605571407126e-06,6.149566329978551e-06,1.6338921726261978e-05,0.0800930124200006,0.019668526579554396,0.0002569780772422833,7.415301066825713e-06,0.001059942682730802,0.01103773555857784,2.7806569313021345e-05,0.07911775947971424
1,224000.0,False,56,568d1_00000,2025-07-28_17-01-00,1753714860,11.18214750289917,553.2246358394623,34528,SDS-1KTH,127.0.0.1,553.2246358394623,56,7.894203946777608,1.7766744722046247e-05,7.89379059121218,1.8050892458506098,6.083581972220062,0.0032788197051211447,1.761424698626318,0.0001269886489777552,4000.0,868.0,270.9568431412972,438.0,500.0,4.981428299009156e-05,438,55.0,0.0002751500014710473,8.0,0.4191161900001316,224000.0,270.9568431412972,497.38,500,497.38,315.47806873595886,2,0,0,9.860000000000001,95.15333333333332,0.000398496660878246,0.00013478569593074294,497.38,224000.0,4000.0,4000.0,497.38,224000.0,120320,211928873,3769400,0,6751872,4111.015034512265,134915,4000.0,669809.7590524083,21317.319649786885,21316.93835182387,128.0,0.44625026,9.817514,9.934397,-0.017071486,1.0402118,5e-05,120320,0.11688186,1.0,0.0087305,56.0,2251.0986,6751872,0.0,1.7881394143159923e-08,134915,21318.663337582275,0.191410598468851,2.7186885690480626e-05,1.8306984892069401e-06,3.330098787804433e-05,2.018895007426691e-05,5.424180058330986e-05,0.00017857272401661898,3.425625224329845e-05,5.05308394913952e-06,7.428460944042547e-06,7.241524993422254e-06,1.8879846132492047e-05,0.07992973929580717,0.019629540313769178,0.0002562322964616173,7.4151480375533565e-06,0.0010505082558977103,0.010958449203010995,2.775650364614558e-05,0.07912037088493466
1,228000.0,False,57,568d1_00000,2025-07-28_17-01-09,1753714869,8.478984117507935,561.7036199569702,34528,SDS-1KTH,127.0.0.1,561.7036199569702,57,7.899961765309854,1.772407728414832e-05,7.899547984300035,1.8046412573921176,6.089808364497845,0.0032703525080525256,1.76117514514004,0.00012342068422726413,4000.0,879.0,262.69565307191533,256.0,500.0,4.858467393519051e-05,256,56.0,0.0002751500014710473,11.0,0.40446506000007504,228000.0,262.69565307191533,480.76,500,480.76,310.4331055752114,2,0,0,9.608333333333333,95.05,0.0003861715646669217,0.0001263880192861462,480.76,228000.0,4000.0,4000.0,480.76,228000.0,120448,215705106,3776233,0,6872320,4110.034884167142,134915,4000.0,663109.5153033336,21105.902104242847,21105.547989109793,128.0,0.4480329,9.858447,9.869349,0.20531452,0.47003984,5e-05,120448,0.010901585,1.0,0.0059288577,57.0,2193.889,6872320,0.0,1.7881394143159923e-08,134915,21107.173647807784,0.1928664174841688,2.696411150170839e-05,1.7532238027939648e-06,3.178585810044307e-05,1.9345816561841356e-05,5.315033092870595e-05,0.0001738556186634173,3.336683555960587e-05,4.690641422710943e-06,7.223625925566594e-06,6.6880429367288414e-06,1.7581203289465976e-05,0.08147051990282836,0.01958281591063323,0.0002554489735099037,7.449996586802262e-06,0.001041576173347381,0.010885017710981807,2.796693857843872e-05,0.0791663501760886
1,232000.0,False,58,568d1_00000,2025-07-28_17-01-20,1753714880,11.571978330612183,573.2755982875824,34528,SDS-1KTH,127.0.0.1,573.2755982875824,58,7.9055004676567835,1.7694836510478426e-05,7.905086379457014,1.8049454638182079,6.0950636288528734,0.0032617709829672594,1.7617117036886545,0.00013869232918346,4000.0,887.0,310.3820913784295,256.0,500.0,5.408972557847794e-05,256,57.0,0.0002751500014710473,8.0,0.4079424500000459,232000.0,310.3820913784295,483.2,500,483.2,305.7296506696922,2,0,0,10.764705882352942,91.34705882352941,0.0004287128366658164,0.000145486978937038,483.2,232000.0,4000.0,4000.0,483.2,232000.0,120320,219474506,3769400,0,6992640,4109.034535325471,134915,4000.0,663894.7051505832,21134.0435461881,21133.684977022753,128.0,0.41334805,9.729947,9.575221,0.04255855,0.7365518,5e-05,120320,-0.15472671,1.0,0.0070760055,58.0,2761.8755,6992640,0.0,1.7881394143159923e-08,134915,21135.244143434247,0.19260818930934928,2.9129055299685714e-05,1.99164983658982e-06,3.557943220902176e-05,2.1692038776860468e-05,5.867782884550886e-05,0.000193120465452795,3.70419594551236e-05,5.414804711432038e-06,7.956463623616284e-06,7.719513133465925e-06,1.9437981175877078e-05,0.08131760370380531,0.01957887475152776,0.0002548994837623529,7.446496615866448e-06,0.0010323634116064361,0.010808325533866512,2.7918269168992687e-05,0.0791534516743232
1,236000.0,False,59,568d1_00000,2025-07-28_17-01-28,1753714888,7.131142854690552,580.406741142273,34528,SDS-1KTH,127.0.0.1,580.406741142273,59,7.897771437980215,1.764888812423821e-05,7.8973573976624545,1.8039386411800007,6.088359392564356,0.003254807273156718,1.76079495815176,0.0001258996609173496,4000.0,896.0,282.2311094988444,226.0,500.0,4.871358631560286e-05,226,58.0,0.0002751500014710473,9.0,0.3884746300002735,236000.0,282.2311094988444,459.34,500,459.34,301.05748449994536,2,0,0,8.979999999999999,89.45,0.00038533639474252405,0.00012866558948031745,459.34,236000.0,4000.0,4000.0,459.34,236000.0,120448,223248857,3774351,0,7113088,4108.054189972216,134915,4000.0,669115.5781463269,21303.271384166062,21302.928104411523,128.0,0.47646862,9.743616,9.872337,0.0934332,1.2026635,5e-05,120448,0.12872204,1.0,0.008892641,59.0,1868.729,7113088,0.0,1.7881394143159923e-08,134915,21304.39954090673,0.1922471604162324,2.671665322392455e-05,1.7460824760699178e-06,3.250975811053249e-05,1.935265858489731e-05,5.331959801304834e-05,0.0001717958799216641,3.3279416070962234e-05,4.799382876136143e-06,7.1303775283640075e-06,6.9702322137132505e-06,1.8202134029764534e-05,0.08114820366676441,0.01953128100401406,0.0002540754889266269,7.445031659868978e-06,0.0010233297774905254,0.010732733278511413,2.792808649510406e-05,0.07909685115760913
1,240000.0,False,60,568d1_00000,2025-07-28_17-01-39,1753714899,11.06479287147522,591.4715340137482,34528,SDS-1KTH,127.0.0.1,591.4715340137482,60,7.895557183600415,1.7605399237089377e-05,7.895143168685857,1.8025059977682119,6.087590589638727,0.0032536942004077443,1.7595814645702403,0.00012981509435732683,4000.0,904.0,313.23159011533573,226.0,500.0,5.033027527472587e-05,226,59.0,0.0002751500014710473,8.0,0.3801853580001625,240000.0,313.23159011533573,458.1,500,458.1,296.9497661206776,2,0,0,9.76875,89.59375,0.00040392411300537996,0.0001362903445411973,458.1,240000.0,4000.0,4000.0,458.1,240000.0,120320,227018257,3769400,0,7233408,4107.073648072494,134915,4000.0,670958.8208873534,21365.329130902963,21364.952573869836,128.0,0.47111672,9.717381,9.832041,0.073058546,0.7066187,5e-05,120320,0.114659525,1.0,0.008379433,60.0,2071.0566,7233408,0.0,1.7881394143159923e-08,134915,21366.40429697257,0.19204733381207903,2.8093848610688566e-05,1.8748888156267157e-06,3.405260736248183e-05,2.0039831647709014e-05,5.525804648357785e-05,0.00018093992287181984,3.446161573719594e-05,4.9360632821296075e-06,7.773549974424853e-06,7.418580443881608e-06,1.8898002707938645e-05,0.08104797663012057,0.019521397193985855,0.0002542377340283762,7.42958135596794e-06,0.0010142434797182948,0.010656369945724066,2.7866805616642323e-05,0.07909424864601189
1,244000.0,False,61,568d1_00000,2025-07-28_17-01-47,1753714907,7.963000774383545,599.4345347881317,34528,SDS-1KTH,127.0.0.1,599.4345347881317,61,7.896197710764421,1.757734524389007e-05,7.895782383999003,1.8030079647905117,6.087747878742357,0.003245536258427722,1.7602819059245502,0.00013926434545948144,4000.0,913.0,261.05123589723064,226.0,500.0,5.411731129247662e-05,226,60.0,0.0002751500014710473,9.0,0.3818329440001253,244000.0,261.05123589723064,451.64,500,451.64,292.84412295371556,2,0,0,9.927272727272728,89.79090909090908,0.0004204563298952304,0.00013949467257124717,451.64,244000.0,4000.0,4000.0,451.64,244000.0,120448,230792608,3774351,0,7353856,4106.112911591768,134915,4000.0,671120.3620956008,21372.973174639985,21372.561204680642,128.0,0.44844174,9.849506,9.770237,0.07183349,1.2971759,5e-05,120448,-0.079269595,1.0,0.0038525392,61.0,2259.4045,7353856,0.0,8.940697071579962e-09,134915,21374.044913333146,0.1935113124739494,2.9016860354724646e-05,1.854246503402188e-06,3.434480053658507e-05,2.1258038428258038e-05,5.63997269609613e-05,0.0001928461862332903,3.733353320128701e-05,4.793301072171342e-06,7.776752489778164e-06,7.838692305128423e-06,1.892928501225503e-05,0.08260055386382167,0.019498252222046188,0.0002535163566933856,7.425285566105763e-06,0.0010054080449415726,0.010582705246264822,2.784213756642845e-05,0.07911359415954507
1,248000.0,False,62,568d1_00000,2025-07-28_17-01-58,1753714918,11.299917936325073,610.7344527244568,34528,SDS-1KTH,127.0.0.1,610.7344527244568,62,7.892972487656767,1.7524571782159367e-05,7.892556548159019,1.8024736571426085,6.085069402954907,0.003241107895851014,1.7599289393652948,0.00012595531547681613,4000.0,921.0,261.17092089309847,226.0,500.0,5.02126764904743e-05,226,61.0,0.0002751500014710473,8.0,0.3839314619999641,248000.0,261.17092089309847,451.96,500,451.96,289.13125987189477,2,0,0,9.1625,89.65,0.00039439448425110385,0.00012965925612686837,451.96,248000.0,4000.0,4000.0,451.96,248000.0,120320,234562008,3769400,0,7474176,4105.151782475851,134915,4000.0,670403.8522320953,21352.66744690645,21352.23000814345,128.0,0.43273747,10.0,9.900225,1.4066696e-05,0.43268332,5e-05,120320,-0.09977624,1.0,0.004181495,62.0,2283.1948,7474176,0.0,4.470348535789981e-09,134915,21353.731603293712,0.19328006534919884,2.7269961988245426e-05,1.8459248621059437e-06,3.26774545417853e-05,1.9421488628245903e-05,5.3954629712882443e-05,0.0001778891991343349,3.404038273610856e-05,4.772619465548601e-06,7.564887010716939e-06,7.1338909558785094e-06,1.7510515749802837e-05,0.08242548232518823,0.019523681699806297,0.0002529751931393799,7.422032705376914e-06,0.0009965459644736858,0.010508810193785674,2.7831716194180257e-05,0.07911689521795372
1,252000.0,False,63,568d1_00000,2025-07-28_17-02-06,1753714926,7.583722829818726,618.3181755542755,34528,SDS-1KTH,127.0.0.1,618.3181755542755,63,7.88980448778021,1.749132609058198e-05,7.8893887506774325,1.8023690235711791,6.082027429925359,0.00322963381690092,1.7599804039716473,0.00012636031531528932,4000.0,929.0,261.17092089331265,226.0,500.0,4.960989406632853e-05,226,62.0,0.0002751500014710473,8.0,0.39984497999997987,252000.0,261.17092089331265,468.26,500,468.26,285.3961083143906,2,0,0,9.00909090909091,89.42727272727274,0.0003874027785545662,0.000130616488078094,468.26,252000.0,4000.0,4000.0,468.26,252000.0,120320,238331408,3769400,0,7594496,4104.200264651093,134915,4000.0,672283.3880965047,21415.03572266712,21414.637438134727,128.0,0.4165818,9.87024,9.847052,0.008676648,1.4315007,5e-05,120320,-0.023188703,1.0,0.0066338102,63.0,2190.0295,7594496,0.0,4.470348535789981e-09,134915,21416.048508180604,0.19308380469572672,2.710868801417246e-05,1.7876696789836417e-06,3.2645171152222776e-05,1.9437345576051364e-05,5.3435758713808156e-05,0.00017295176315759324,3.4670067452320915e-05,4.7371249191928484e-06,7.373255540965516e-06,6.9258208756215674e-06,1.8499676350888612e-05,0.0823445065019166,0.019488405882834903,0.0002528354412167312,7.414812379177168e-06,0.00098785450481641,0.010449680091857521,2.781239903988368e-05,0.07910544426578668
